BsM_lakeName,latBsM,longBsM,bsmWaterbodyID,ARU_lakeName,latARU_conv,longARU_conv,ARU_LID,Notes,elevation
South,44.43422,-76.22132,18-4028-49206,South,44.43416667,-76.22166667,18-4028-49206,,84.82099915
Charleston,44.5346,-76.01579,18-4196-49317,Charleston,44.53611111,-76.01194444,18-4196-49317,,87.14506531
Dog,44.4302,-76.33444,18-3938-49203,Dog,44.43,-76.33472222,18-3938-49203,,98.41400146
Whitefish,44.51719,-76.23477,18-4014-49297,Whitefish,44.51583333,-76.24,18-4014-49297,,99.18512726
Sand,44.56822,-76.26322,18-3998-49356,Sand,44.56833333,-76.26166667,18-3998-49356,,116.21138
Big Rideau,44.75128,-76.21379,18-4040-49580,Big Rideau,44.77083333,-76.21277778,18-4040-49580,,123.5139999
Muskrat,45.67461,-76.90849,18-3511-50603,Muskrat,45.6825,-76.91222222,18-3511-50603,,123.7505188
Upper Rideau,44.68101,-76.33973,18-3941-49484,Upper Rideau,44.68277778,-76.33666667,18-3941-49484,,124.3470001
Sydenham,44.43074,-76.55674,18-3760-49200,Sydenham,44.42472222,-76.55722222,18-3760-49200,,130.8819885
Mississippi,45.06538,-76.1853,18-4082-49908,Mississippi,45.06694444,-76.16583333,18-4082-49908,,135.8113403
Hambly,44.46818,-76.68347,18-3661-49250,Hambly,44.46805556,-76.68388889,18-3661-49250,,135.8259888
Howes,44.50864,-76.67736,18-3665-49300,Howes,44.51305556,-76.67916667,18-3665-49300,,135.8460083
Verona,44.48517,-76.68599,18-3660-49270,Verona,44.48555556,-76.68555556,18-3660-49270,,135.8460083
Thirteen Island,44.54076,-76.62158,18-3714-49331,Thirteen Island,44.54138889,-76.61916667,18-3714-49331,,150.2449951
Calabogie,45.27732,-76.74264,18-3634-50151,Calabogie,45.27833333,-76.74194444,18-3634-50151,,152.4729919
Christie,44.80311,-76.43918,18-3862-49620,Christie,44.80444444,-76.43888889,18-3862-49620,,154.3369904
Moira,44.4871,-77.45373,18-3050-49285,Moira,44.48555556,-77.45194444,18-3050-49285,,154.696701
Mink,45.56477,-77.04829,18-3401-50475,Mink,45.56472222,-77.04861111,18-3401-50475,,154.8625641
Dalhousie,44.9656,-76.56939,18-3762-49801,Dalhousie,44.96555556,-76.56972222,18-3762-49801,,156.3269958
Black,44.5541,-76.48648,18-3819-49343,Black,44.55388889,-76.48666667,18-3819-49343,,159.4409943
Chant Plain,46.31366,-78.773,17-6713-51311,Chant Plain,46.31361111,-78.775,17-6713-51311,,159.4782715
Burridge,44.66433,-76.55461,18-3767-49466,Burridge,44.66416667,-76.555,18-3767-49466,,163.3370056
White,45.29792,-76.51851,18-3808-50183,White,45.31,-76.52027778,18-3808-50183,,163.388092
Norway,45.33922,-76.71995,18-3652-50219,Norway,45.33916667,-76.72027778,18-3652-50219,,164.973999
Fourth Depot,44.59153,-76.7891,18-3580-49390,Fourth Depot,44.59222222,-76.78888889,18-3580-49390,,166.598999
Golden,45.57388,-77.33611,18-3186-50482,Golden,45.56555556,-77.32472222,18-3186-50482,,169.0802765
Round,45.64074,-77.52889,18-3030-50572,Round,45.6425,-77.52777778,18-3030-50572,,170.5571594
Elbow,44.62754,-76.72439,18-3632-49427,Elbow,44.62694444,-76.72472222,18-3632-49427,,174.5979919
Jacks,45.6908,-77.48759,18-3066-50616,NA,45.68916667,-77.49388889,18-3058-50623,"Match, different basins?",175.0039978
Potspoon,44.60304,-76.58312,18-3743-49398,Potspoon,44.6025,-76.58388889,18-3743-49398,,176.3010101
Kelly,45.7037,-77.32428,18-3191-50636,Kelly,45.70444444,-77.32444444,18-3190-50636,,178.7019653
Jacks,44.48677,-79.9956,17-5799-49262,Jacks,44.48666667,-79.99472222,17-5799-49262,,179.5754852
Little,44.81843,-79.7132,17-6016-49633,Little,44.81777778,-79.715,17-6016-49633,,180.4200134
Giroux,45.71367,-80.50404,17-5384-50622,Giroux,45.71388889,-80.50666667,17-5384-50622,,181.855011
Tee,46.15836,-77.67588,18-2932-51151,Tee,46.15972222,-77.67805556,18-2932-51151,,182.9120026
Cataract,46.25956,-83.00214,17-3457-51246,Cataract,46.25916667,-83.00222222,17-3457-51246,,183.8803406
Sheffield Long,44.59529,-77.00966,18-3404-49395,Sheffield Long,44.59305556,-77.01083333,18-3404-49395,,185.3395386
Boat,44.72592,-81.22706,17-4820-49523,Boat,44.72583333,-81.2275,17-4820-49523,,185.6647491
Bull,44.68776,-76.97467,18-3434-49499,Bull,44.68722222,-76.97611111,18-3434-49499,,185.9759827
Cameron,45.217,-81.55793,17-4561-50068,Cameron,45.21555556,-81.55861111,17-4561-50068,,186.0066376
Cyprus,45.23131,-81.53198,17-4583-50085,Cyprus,45.23055556,-81.53166667,17-4583-50085,,186.4701843
Rice,44.17348,-78.18609,17-7257-48946,Rice,44.17194444,-78.17638889,17-7257-48946,,186.4730072
Belmont,44.49514,-77.82654,18-2756-49309,Belmont,44.49833333,-77.82305556,18-2756-49309,,186.6560059
Gurd,45.92921,-80.54408,17-5352-50862,Gurd,45.93,-80.54583333,17-5352-50862,,186.8690033
Lauzon,46.21199,-82.82266,17-3592-51192,Lauzon,46.21416667,-82.82555556,17-3592-51192,,189.7779846
Eagle,44.68298,-76.69865,18-3651-49486,Eagle,44.67972222,-76.7025,18-3651-49486,,190.7389984
Sharbot,44.76738,-76.69336,18-3668-49582,Sharbot,44.76361111,-76.65555556,18-3690-49578,,194.5960083
Big Clear,44.72582,-76.90691,18-3490-49540,Big Clear,44.72583333,-76.90722222,18-3490-49541,,196.3070068
Rock,46.43338,-83.77218,17-2870-51459,Rock,46.43472222,-83.7725,17-2870-51459,,197.2429504
Mercer,46.16368,-80.24789,17-5565-51124,Mercer,46.16472222,-80.26861111,17-5565-51124,,197.4578552
Tea,44.87588,-79.64948,17-6065-49697,Tea,44.87472222,-79.65166667,17-6065-49697,,197.6146851
Kennebec,44.74021,-76.96521,18-3444-49557,Kennebec,44.74,-76.96555556,18-3444-49557,,198.1089935
Miller,45.09912,-81.39375,17-4689-49939,Miller,45.09972222,-81.395,17-4689-49939,,198.7935181
Round,44.49475,-77.87492,18-2714-49305,Round,44.49388889,-77.87527778,18-2714-49305,,200.0269928
Mindemoya,45.76145,-82.20196,17-4064-50680,Mindemoya,45.76111111,-82.20388889,17-4064-50680,,200.0487671
Cramadog,45.38969,-79.94266,17-5828-50266,Cramadog,45.39,-79.9425,17-5828-50266,,202.395813
Trout,46.3193,-79.33669,17-6290-51301,Trout,46.31444444,-79.32444444,17-6290-51301,,202.4234009
Silver,45.87756,-82.89127,17-3532-50820,Silver,45.8775,-82.89138889,17-3532-50820,,206.1483612
Wabagishik,46.29283,-81.58644,17-4549-51263,Wabagishik,46.29083333,-81.58555556,17-4549-51263,,208.2138367
Pearce,49.65181,-82.35069,17-4025-55006,Pearce,49.65166667,-82.35055556,17-4025-55006,,209.0003357
Farlain,44.81714,-79.97121,17-5814-49627,Farlain,44.81527778,-79.97111111,17-5814-49627,,209.2868042
Clear,46.09839,-79.78115,17-5942-51055,Clear,46.09833333,-79.78138889,17-5942-51055,,209.6200104
Stormy,46.07978,-79.77476,17-5947-51034,Stormy,46.07972222,-79.775,17-5947-51034,,209.6200104
Kagawong,45.82922,-82.30542,17-3986-50757,Kagawong,45.82916667,-82.30555556,17-3986-50757,,209.6601105
Restoule,46.05187,-79.78066,17-5950-51006,Restoule,46.05388889,-79.77194444,17-5950-51006,,210.1569977
Sparrow,44.81851,-79.39612,17-6275-49634,Sparrow,44.81416667,-79.38805556,17-6275-49634,,211.9779053
La Cloche,46.135,-82.04774,17-4169-51104,La Cloche,46.14444444,-82.07611111,17-4169-51104,,212.0928345
Big Caribou,45.93283,-80.07311,17-5718-50868,Big Caribou,45.93277778,-80.07333333,17-5718-50868,,214.519989
Cordova,44.57529,-77.82487,18-2756-49393,Cordova,44.57444444,-77.82638889,18-2756-49394,,215.9319916
Stratton,46.2045,-81.67262,17-4481-51168,Stratton,46.205,-81.67333333,17-4481-51168,,216.6169434
Walker,46.1992,-81.50973,17-4608-51161,Walker,46.19944444,-81.50833333,17-4608-51161,,216.8084412
Bear,46.18806,-81.44897,17-4652-51149,Bear,46.18916667,-81.45055556,17-4652-51149,,217.5960083
Couchiching,44.66428,-79.3763,17-6286-49481,Couchiching,44.67666667,-79.37722222,17-6286-49481,,218.1867981
St. John,44.68701,-79.32512,17-6328-49494,St. John,44.68722222,-79.32472222,17-6328-49494,,218.2019958
Long,44.79017,-79.48171,17-6191-49604,Long,44.78944444,-79.49472222,17-6191-49605,,220.4963989
Smoky,45.85335,-80.2396,17-5585-50777,Smoky,45.85222222,-80.24666667,17-5585-50777,,220.7957458
Eskwanonwatin,49.16487,-88.61939,16-3820-54468,Eskwanonwatin,49.165,-88.61861111,16-3820-54468,,220.8187561
Nonwatinose,49.22744,-88.63778,16-3807-54539,Nonwatinose,49.22777778,-88.63888889,16-3807-54538,,220.8531494
Gillies,45.20467,-81.33557,17-4736-50056,Gillies,45.20555556,-81.33555556,17-4737-50056,,221.0007172
Isabella,45.40315,-79.81337,17-5930-50285,Isabella,45.40555556,-79.81166667,17-5930-50285,,222.2449951
Joseph,45.17434,-79.7239,17-5998-50031,Joseph,45.17638889,-79.73027778,17-5998-50031,,225.0009918
Chesley,44.55287,-81.22414,17-4822-49331,Chesley,44.55333333,-81.22472222,17-4822-49331,,225.2839661
Marie Louise,48.38319,-88.80144,16-3666-53602,Marie Louise,48.3825,-88.80138889,16-3666-53601,,226.8423767
Remi,49.42346,-82.17586,17-4164-54756,Remi,49.42944444,-82.15305556,17-4164-54756,,227.0939941
Ella,46.29967,-81.52069,17-4598-51271,Ella,46.29861111,-81.5225,17-4598-51272,,227.6952057
Gould,44.59698,-81.19684,17-4839-49376,Gould,44.59388889,-81.2025,17-4839-49377,,227.8934326
Chiblow,46.3472,-83.05073,17-3423-51340,Chiblow,46.34361111,-83.04916667,17-3423-51340,,227.9326172
Dalrymple,44.64052,-79.11093,17-6500-49453,Dalrymple,44.64722222,-79.10888889,17-6500-49453,,228.3731995
Little,44.42642,-79.67346,17-6058-49199,Little,44.42666667,-79.67111111,17-6058-49199,,228.8899994
Great Mountain,46.158,-81.35883,17-4723-51114,Great Mountain,46.1575,-81.35861111,17-4723-51114,,228.942688
Clear,45.44131,-77.1955,18-3287-50341,Clear,45.44111111,-77.19055556,18-3287-50341,,229.7700043
Matinenda,46.37703,-82.95394,17-3525-51387,Matinenda,46.38777778,-82.91777778,17-3525-51387,,230.743988
Little Chiblow,46.357,-83.13157,17-3360-51357,Little Chiblow,46.35694444,-83.13166667,17-3360-51357,,232.0900269
Katchewanooka,44.45749,-78.2587,17-7182-49263,Katchewanooka,44.45916667,-78.25666667,17-7182-49263,,232.4520111
McGiverin,46.30329,-82.73474,17-3678-51289,McGiverin,46.3025,-82.71666667,17-3678-51289,,232.693512
Deer,46.48181,-80.21786,17-5601-51477,Deer,46.48194444,-80.2175,17-5601-51477,,233.7162628
Balsam,45.9177,-80.14503,17-5664-50851,Balsam,45.91833333,-80.14388889,17-5664-50851,,234.1210022
Stony,44.55642,-78.11352,17-7310-49388,Stony,44.56722222,-78.09111111,17-7310-49388,,234.4000092
Clear,44.51481,-78.19302,17-7230-49327,Clear,44.51527778,-78.19444444,17-7230-49327,,234.4049988
Stewart,45.14283,-79.76496,17-5971-49992,Stewart,45.14194444,-79.76444444,17-5971-49993,,234.5039978
Big Moon,46.41782,-82.87769,17-3557-51418,Big Moon,46.41611111,-82.87805556,17-3557-51418,,234.7572632
Mountain,44.70923,-80.69675,17-5239-49504,Mountain,44.70861111,-80.69777778,17-5239-49504,,235.5037842
Hungry,44.80667,-76.89447,18-3503-49630,Hungry,44.80694444,-76.8925,18-3503-49630,,237.6799927
Crotch,44.91255,-76.80939,18-3571-49746,Crotch,44.9125,-76.80972222,18-3572-49746,,237.8150024
Nine Mile,45.46238,-80.05162,17-5742-50352,Nine Mile,45.46805556,-80.05138889,17-5742-50352,,238.6385193
Rattrays,45.61116,-77.31996,18-3191-50532,Rattrays,45.61111111,-77.32027778,18-3191-50532,,238.8950348
Lang,46.16152,-81.66548,17-4485-51124,Lang,46.165,-81.66722222,17-4485-51124,,239.1730194
Muskosung,46.49128,-80.04488,17-5732-51489,Muskosung,46.49138889,-80.04666667,17-5732-51489,,239.5713501
Nosbonsing,46.20715,-79.21294,17-6382-51179,Nosbonsing,46.2025,-79.20888889,17-6382-51179,,240.0121002
Commanda,46.01084,-79.70668,17-6007-50961,Commanda,46.01333333,-79.69972222,17-6007-50961,,241.1077423
Tomiko,46.53029,-79.82432,17-5904-51531,Tomiko,46.52777778,-79.82138889,17-5904-51531,,241.1592712
McKellar,45.51374,-79.93303,17-5833-50403,McKellar,45.51361111,-79.93361111,17-5833-50403,,241.4380035
Lovesick,44.55817,-78.23036,17-7197-49373,Lovesick,44.55722222,-78.23361111,17-7197-49373,,241.5410004
Canal,44.56744,-79.04366,17-6548-49368,Canal,44.57027778,-79.05,17-6548-49368,,243.0976563
Armstrong,45.51245,-79.91693,17-5846-50402,Armstrong,45.51222222,-79.91722222,17-5846-50402,,243.5709991
Rosseau,45.1741,-79.59755,17-6112-50030,Rosseau,45.17388889,-79.585,17-6112-50030,,244.6163483
Pigeon,44.47155,-78.49495,17-6992-49270,Pigeon,44.47083333,-78.495,17-6992-49270,,245.6330414
Big Bald,44.57664,-78.3863,17-7074-49389,Big Bald,44.57555556,-78.3875,17-7074-49389,,245.654007
Little Bald,44.57455,-78.41518,17-7050-49386,Little Bald,44.57388889,-78.41805556,17-7050-49386,,245.6549988
Buckhorn,44.4856,-78.39118,17-7074-49293,Buckhorn,44.48888889,-78.39166667,17-7074-49293,,245.6670074
Chemong,44.38846,-78.39205,17-7076-49181,Chemong,44.38861111,-78.39305556,17-7077-49181,,245.6719971
Constance,46.42866,-83.22546,17-3290-51439,Constance,46.42861111,-83.22555556,17-3290-51439,,246.2668915
Sandy,44.54516,-78.40526,17-7061-49353,Sandy,44.54388889,-78.40527778,17-7061-49353,,246.3610077
Emily,44.44638,-78.57542,17-6930-49241,Emily,44.44638889,-78.575,17-6930-49241,,246.7735901
Manitouwabing,45.47417,-79.90332,17-5857-50363,Manitouwabing,45.47666667,-79.90416667,17-5857-50363,,246.8157043
Sturgeon,44.47421,-78.68865,17-6820-49260,Sturgeon,44.46611111,-78.71166667,17-6820-49260,,247.0020752
Muskoka,45.02374,-79.47732,17-6201-49898,Muskoka,45.05361111,-79.475,17-6201-49898,,247.9168243
Raven,48.05196,-79.55023,17-6079-53230,Raven,48.05305556,-79.55194444,17-6079-53230,,248.9067078
Scugog,44.18343,-78.85724,17-6715-48930,Scugog,44.17194444,-78.85472222,17-6715-48930,,250.0348816
Lower Matagamasi,46.83882,-80.48435,17-5393-51873,Lower Matagamasi,46.83972222,-80.48444444,17-5393-51873,,250.1636658
Rossmere,46.33895,-82.77877,17-3631-51330,Rossmere,46.33888889,-82.77888889,17-3631-51330,,250.6146545
Bain,46.47284,-80.01199,17-5758-51468,Bain,46.47277778,-80.01222222,17-5758-51468,,250.6847229
Endikai,46.59111,-83.03067,17-3445-51613,Endikai,46.58944444,-83.03,17-3445-51613,,250.931778
Black Sturgeon,49.35824,-88.87211,16-3634-54687,Black Sturgeon,49.35805556,-88.88055556,16-3634-54687,,251.4946289
Bass,44.60345,-79.50664,17-6187-49397,Bass,44.6025,-79.50444444,17-6187-49397,,251.7171783
Montreuil,49.55267,-80.79031,17-5149-54886,Montreuil,49.55138889,-80.79416667,17-5149-54886,,252.0593262
Big Gull,44.82693,-76.96878,18-3453-49652,Big Gull,44.82583333,-76.95666667,18-3453-49652,,253.0190125
Saganash,49.05064,-82.58198,17-3846-54330,Saganash,49.04111111,-82.57944444,17-3846-54330,,253.0798035
Oak,44.59882,-77.9126,18-2687-49421,Oak,44.59666667,-77.91444444,18-2687-49421,,253.6529999
Cameron,44.55177,-78.76076,17-6778-49354,Cameron,44.55222222,-78.76138889,17-6778-49354,,254.6696014
Harris,49.59089,-80.82037,17-5128-54930,Harris,49.59166667,-80.82333333,17-5128-54930,,255.3084717
Pierre,49.50777,-80.71202,17-5206-54832,Pierre,49.50277778,-80.71527778,17-5206-54832,,255.6712646
Mitchell,44.57378,-78.9503,17-6627-49374,Mitchell,44.57361111,-78.95083333,17-6627-49374,,255.8268127
Vermilion,46.51845,-81.4009,17-4700-51520,Vermilion,46.52277778,-81.39111111,17-4700-51520,,255.940506
Balsam,44.58044,-78.84168,17-6712-49387,Balsam,44.58361111,-78.84388889,17-6712-49388,,256.3146973
Boss,46.54506,-84.10111,16-7223-51585,Boss,46.54527778,-84.10083333,16-7223-51585,,257.0767822
Govan,45.13314,-76.79515,18-3587-49991,Govan,45.13305556,-76.79694444,18-3587-49991,,257.2820129
Silver,44.68489,-78.79907,17-6744-49500,Silver,44.68416667,-78.79944444,17-6744-49500,,257.6664124
Shadow,44.71937,-78.79364,17-6749-49534,Shadow,44.71472222,-78.79166667,17-6749-49534,,258.4199829
Turtle,46.27189,-82.66444,17-3716-51254,Turtle,46.27166667,-82.66694444,17-3715-51254,,258.6056213
Little Abitibi,49.4068,-80.54886,17-5331-54730,Little Abitibi,49.41083333,-80.54333333,17-5331-54730,,260.4698181
Opasatika,49.06794,-83.13713,17-3441-54377,Opasatika,49.07416667,-83.13444444,17-3441-54377,,261.4877014
Fanshawe,43.05847,-81.17886,17-4857-47670,Fanshawe,43.05722222,-81.17555556,17-4857-47670,,262.1820068
Brule,45.05076,-77.04841,18-3388-49903,Brule,45.04944444,-77.04694444,18-3388-49903,,262.1830139
Oskawe,49.34929,-88.37581,16-4000-54670,Oskawe,49.34972222,-88.37722222,16-4000-54670,,263.9801025
Abitibi,48.65805,-79.84475,17-5851-53899,Abitibi,48.65833333,-79.845,17-5850-53899,,264.8900757
Wasi,46.13849,-79.22591,17-6371-51109,Wasi,46.13972222,-79.22444444,17-6371-51109,,265.236084
Whitewater,46.53339,-81.14176,17-4891-51531,Whitewater,46.53333333,-81.14194444,17-4891-51531,,265.7191162
Lower Buckhorn,44.5498,-78.27953,17-7170-49371,Lower Buckhorn,44.55638889,-78.26805556,17-7170-49371,,266.1729736
Sandy,44.67764,-77.88973,18-2710-49509,Sandy,44.67722222,-77.88944444,18-2710-49510,,267.5849915
Humestone,49.41618,-80.71877,17-5202-54735,Humestone,49.41583333,-80.72111111,17-5202-54735,,268.0906982
Head,44.74018,-78.91265,17-6651-49559,Head,44.73972222,-78.91416667,17-6651-49559,,268.8954468
Pickerel,48.8523,-81.04454,17-4967-54108,Pickerel,48.85222222,-81.04472222,17-4967-54108,,268.992981
Gull,44.84876,-78.77936,17-6755-49685,Gull,44.85,-78.77972222,17-6755-49685,,269.8293762
Four Mile,44.68172,-78.73724,17-6793-49499,Four Mile,44.68166667,-78.7375,17-6793-49498,,269.979187
Kashwakamak,44.8566,-77.0385,18-3389-49691,Kashwakamak,44.85888889,-77.03944444,18-3389-49691,,270.4870605
Bay,46.42728,-82.9196,17-3525-51431,Bay,46.42722222,-82.91972222,17-3525-51431,,270.6793213
Wawiagama,47.00583,-80.37028,17-5476-52058,Wawiagama,47.00611111,-80.37333333,17-5476-52058,,271.0621948
Donald,46.79829,-80.51028,17-5370-51830,Donald,46.80166667,-80.51527778,17-5370-51830,,271.2045288
Iron,46.50559,-83.93295,17-2748-51543,Iron,46.50694444,-83.935,17-2748-51543,,271.8815308
Frederick House,48.66063,-80.93786,17-5046-53895,Frederick House,48.66055556,-80.93805556,17-5046-53895,,271.8883057
Round,48.01448,-80.0419,17-5717-53183,Round,48.01611111,-80.03805556,17-5717-53183,,271.999939
Bay,47.34738,-79.83923,17-5880-52436,Bay,47.34166667,-79.83527778,17-5880-52436,,273.3110352
Brunswick,48.98722,-83.38942,17-3275-54280,Brunswick,48.98277778,-83.3575,17-3275-54280,,273.7824097
Silver,44.08538,-81.41929,17-4665-48812,Silver,44.08555556,-81.41833333,17-4665-48812,,273.8523254
Night Hawk,48.45682,-80.98027,17-5018-53686,Night Hawk,48.47277778,-80.97583333,17-5018-53686,,274.5805054
Palmerston,45.01754,-76.84758,18-3549-49862,Palmerston,45.01611111,-76.84194444,18-3549-49862,,274.8468018
Big Pike,49.20875,-83.45615,17-3210-54534,Big Pike,49.20944444,-83.45777778,17-3210-54534,,275.071167
Cummings,46.472,-83.35656,17-3191-51490,Cummings,46.47194444,-83.35666667,17-3191-51490,,276.6427917
Ahmic,45.63437,-79.69545,17-6025-50535,Ahmic,45.62944444,-79.685,17-6025-50535,,278.447998
Skeleton,45.25123,-79.45331,17-6216-50117,Skeleton,45.25055556,-79.45055556,17-6216-50117,,278.7630005
Agnew,46.36526,-81.75464,17-4414-51336,Agnew,46.35527778,-81.76111111,17-4414-51336,,279.4639282
Jack,44.69486,-78.03569,17-7358-49530,Jack,44.69388889,-78.02472222,17-7358-49530,,280.0660095
Mary,45.24434,-79.25842,17-6369-50115,Mary,45.24583333,-79.25527778,17-6369-50115,,280.118988
Cecebe,45.64268,-79.58059,17-6111-50550,Cecebe,45.64166667,-79.57388889,17-6111-50550,,281.5009766
Kamaniskeg,45.41755,-77.68981,18-2891-50334,Kamaniskeg,45.42416667,-77.69638889,18-2891-50334,,281.7455444
Peninsula,45.34289,-79.09921,17-6488-50221,Peninsula,45.33861111,-79.10083333,17-6488-50221,,282.9176636
Loch Lomond,48.25705,-89.32431,16-3272-53473,Loch Lomond,48.25722222,-89.32805556,16-3272-53473,,284.8435059
Obabika,47.04318,-80.26229,17-5566-52101,Obabika,47.04361111,-80.25472222,17-5566-52101,,285.2774658
Rabbit,46.9898,-79.6473,17-6031-52053,Rabbit,46.99527778,-79.64416667,17-6031-52053,,285.8828125
Larder,48.08541,-79.64223,17-6010-53265,Larder,48.08555556,-79.64361111,17-6010-53265,,286.0803223
Purdom,49.15261,-88.4217,16-3964-54451,Purdom,49.15194444,-88.42083333,16-3964-54451,,286.5774536
Red Cedar,46.71781,-79.94034,17-5812-51735,Red Cedar,46.7125,-79.93722222,17-5812-51736,,287.1346741
Wawa,48.01285,-84.72161,16-6699-53200,Wawa,48.01277778,-84.72166667,16-6699-53200,,287.2488403
Hangstone,46.81988,-79.88986,17-5845-51854,Hangstone,46.81916667,-79.89222222,17-5845-51855,,287.2960815
Birch,46.30414,-81.97448,17-4246-51279,Birch,46.30222222,-81.97972222,17-4246-51279,,287.4830933
Marten,46.70317,-79.73057,17-5953-51723,Marten,46.69944444,-79.75333333,17-5953-51723,,287.7462158
Fosters,45.24977,-77.67526,18-2900-50140,Fosters,45.24972222,-77.67555556,18-2900-50139,,288.0645752
Shawenegog,44.91015,-77.05502,18-3380-49750,Shawenegog,44.91222222,-77.0525,18-3380-49750,,288.1783447
Little Sturge,49.21193,-88.90847,16-3608-54522,Little Sturge,49.20916667,-88.91055556,16-3608-54522,,288.230011
Nagagamisis,49.47731,-84.65717,16-6697-54829,Nagagamisis,49.47722222,-84.65722222,16-6697-54829,,288.5997925
Diamond,47.20455,-80.24759,17-5580-52276,Diamond,47.20166667,-80.23416667,17-5580-52276,,288.9935913
Skootamatta,44.8375,-77.24743,18-3220-49677,Skootamatta,44.8425,-77.25222222,18-3220-49677,,289.5799866
Big Deer,45.7668,-79.7507,17-5971-50688,Big Deer,45.7675,-79.75083333,17-5971-50688,,291.1986084
Buckshot,44.99564,-77.06938,18-3369-49845,Buckshot,44.9975,-77.06916667,18-3369-49845,,291.4200134
St. Anthony,47.96541,-79.71119,17-5962-53128,St. Anthony,47.96305556,-79.71083333,17-5962-53128,,291.4580688
Burns,45.5871,-77.67143,18-2916-50515,Burns,45.5875,-77.67166667,18-2916-50515,,291.5370178
Maloney,48.9598,-80.6298,17-5271-54228,Maloney,48.95972222,-80.63,17-5271-54228,,291.7616577
Circle,49.35977,-89.01858,16-3534-54692,Circle,49.35972222,-89.01861111,16-3534-54692,,291.9169312
Cross,46.8721,-79.96696,17-5788-51912,Cross,46.87166667,-79.96638889,17-5788-51912,,292.598938
Return,48.98952,-81.77873,17-4430-54264,Return,48.98944444,-81.77888889,17-4430-54264,,292.7068787
Oke,48.9373,-81.87845,17-4357-54206,Oke,48.93722222,-81.87861111,17-4357-54206,,293.0932007
Doe,45.53377,-79.41413,17-6239-50430,Doe,45.53111111,-79.41388889,17-6239-50429,,293.1270142
McMahon,46.53421,-83.8027,17-2851-51570,McMahon,46.53416667,-83.80277778,17-2851-51570,,293.3615112
Catchacoma,44.75058,-78.32526,17-7116-49585,Catchacoma,44.75083333,-78.32694444,17-7116-49585,,294.2919922
Mississagua,44.70569,-78.32072,17-7123-49536,Mississagua,44.70638889,-78.32055556,17-7123-49536,,294.2950134
Cassels,47.06939,-79.71594,17-5970-52137,Cassels,47.07166667,-79.7225,17-5970-52137,,295.9387817
Kittson,47.33973,-79.95931,17-5787-52433,Kittson,47.34055556,-79.95805556,17-5787-52433,,296.4420166
Snare,49.40549,-80.10818,17-5646-54725,Snare,49.40361111,-80.10916667,17-5646-54725,,296.4550171
Nagagami,49.42202,-85.0419,16-6420-54760,Nagagami,49.42194444,-85.04194444,16-6420-54760,,297.8695374
Spring,45.81025,-79.68167,17-6023-50734,Spring,45.80861111,-79.68277778,17-6024-50734,,298.2850037
Aileen,46.87867,-80.01783,17-5748-51919,Aileen,46.87861111,-80.01805556,17-5748-51919,,298.5341187
Buck,45.42025,-79.39479,17-6254-50307,Buck,45.42027778,-79.39666667,17-6254-50307,,299.7860107
Rawson,46.92006,-80.56675,17-5330-51961,Rawson,46.92,-80.56694444,17-5330-51961,,300.6452026
Thieving Bear,47.17876,-79.82724,17-5889-52256,Thieving Bear,47.17944444,-79.82611111,17-5890-52256,,301.1653442
Wasicho,49.43254,-80.1837,17-5590-54756,Wasicho,49.43222222,-80.18694444,17-5590-54756,,301.8648682
Sisseney,47.86371,-80.66658,17-5247-53013,Sisseney,47.86638889,-80.67,17-5247-53013,,303.6798706
Hiawatha,49.51536,-85.0119,16-6439-54864,Hiawatha,49.51527778,-85.01194444,16-6439-54864,,303.9602356
Buckshot,47.55979,-84.91051,16-6572-52693,Buckshot,47.55972222,-84.91055556,16-6572-52693,,305.1329956
Round,45.46467,-79.40602,17-6247-50356,Round,45.46472222,-79.40527778,17-6247-50356,,305.7960205
Manitowik,48.16368,-84.37354,16-6953-53376,Manitowik,48.16361111,-84.37361111,16-6953-53376,,306.0194092
Anvil,47.42262,-80.26691,17-5552-52523,Anvil,47.42416667,-80.26833333,17-5552-52523,,306.6886597
Devils,46.77811,-83.94464,17-2752-51845,Devils,46.77805556,-83.94472222,17-2752-51845,,306.7756958
White Otter,49.4723,-85.54923,16-6053-54810,White Otter,49.47472222,-85.54694444,16-6053-54810,,306.8752441
Wasaksina,46.935,-79.89212,17-5842-51980,Wasaksina,46.93194444,-79.89444444,17-5842-51980,,307.1981506
Twelve Mile,45.02509,-78.7047,17-6807-49881,Twelve Mile,45.02527778,-78.70611111,17-6807-49881,,307.7398987
Kokoko,47.08895,-80.03639,17-5733-52151,Kokoko,47.08694444,-80.03444444,17-5733-52151,,307.8667603
Whitefish,48.00938,-84.47039,16-6898-53236,Whitefish,48.03972222,-84.45305556,16-6898-53236,,308.2987671
Cavern,48.8321,-88.66491,16-3778-54100,Cavern,48.8325,-88.66444444,16-3779-54099,,308.6522217
Net,47.11604,-79.78758,17-5909-52183,Net,47.11388889,-79.80138889,17-5909-52183,,309.0744629
Driftwood,46.98242,-79.87887,17-5852-52035,Driftwood,46.98194444,-79.88,17-5852-52035,,309.2311707
Rib,47.21484,-79.71615,17-5972-52300,Rib,47.21805556,-79.71694444,17-5971-52300,,309.296875
Whiskey,46.43411,-82.34418,17-3974-51436,Whiskey,46.43972222,-82.33555556,17-3974-51435,,310.7762756
Red Squirrel,47.16035,-80.02394,17-5740-52232,Red Squirrel,47.16027778,-80.02416667,17-5740-52232,,310.8970337
Victoria,48.18883,-79.88236,17-5829-53372,Victoria,48.18444444,-79.88444444,17-5829-53372,,311.0197754
Wakomata,46.57189,-83.36057,17-3191-51595,Wakomata,46.56694444,-83.36083333,17-3191-51595,,311.2573853
Bark,45.4552,-77.84943,18-2782-50364,Bark,45.44777778,-77.83611111,18-2782-50364,,312.2459717
Kapuskasing,48.4837,-82.94457,17-3563-53717,Kapuskasing,48.48361111,-82.94472222,17-3563-53716,,312.2970276
Herridge,46.98257,-79.82505,17-5893-52037,Herridge,46.9825,-79.82527778,17-5893-52037,,312.6005859
Shillington,47.76767,-80.64678,17-5265-52901,Shillington,47.76555556,-80.64583333,17-5265-52901,,313.7636719
Long,49.47507,-86.89059,16-5079-54800,Long,49.475,-86.89055556,16-5079-54801,,313.9998779
Ingall,46.91053,-79.77762,17-5932-51960,Ingall,46.91277778,-79.77555556,17-5932-51960,,314.0372925
Emerald,46.9159,-80.32312,17-5515-51958,Emerald,46.91583333,-80.32333333,17-5515-51958,,314.5511475
Deception,48.62456,-88.74729,16-3712-53869,Deception,48.62416667,-88.74777778,16-3712-53869,,314.833374
Fortune,48.6048,-81.89708,17-4339-53837,Fortune,48.60472222,-81.89722222,17-4339-53837,,315.0222778
Kabinakagamisis,49.02999,-84.45079,16-6863-54334,Kabinakagamisis,49.0275,-84.45111111,16-6863-54334,,315.2603455
Weslemkoon,45.02704,-77.4237,18-3085-49890,Weslemkoon,45.03055556,-77.43111111,18-3085-49890,,316.3666382
Kabinakagami,48.90799,-84.40651,16-6893-54197,Kabinakagami,48.90305556,-84.41694444,16-6893-54197,,317.2666626
Watabeag,48.24705,-80.55577,17-5314-53425,Watabeag,48.23694444,-80.57694444,17-5314-53425,,317.4060974
Temagami,46.98896,-80.07046,17-5700-52061,Temagami,47.00638889,-80.07944444,17-5700-52061,,317.8148193
Haken,49.10397,-84.69439,16-6683-54413,Haken,49.10388889,-84.69444444,16-6683-54413,,318.1311646
Bigwind,45.05711,-79.05464,17-6532-49909,Bigwind,45.05694444,-79.05416667,17-6532-49909,,318.4069824
Pickerel,45.68198,-79.3074,17-6320-50600,Pickerel,45.68305556,-79.305,17-6320-50600,,319.026001
Cameron,49.0175,-84.27477,16-6991-54320,Cameron,49.01083333,-84.27722222,16-6991-54320,,319.170105
Jumping Cariboo,46.88285,-79.78186,17-5933-51926,Jumping Cariboo,46.8825,-79.77583333,17-5933-51926,,320.3936157
Queminico,47.16395,-84.61718,16-6806-52259,Queminico,47.16388889,-84.61722222,16-6806-52259,,320.6630249
McConnell,46.73979,-79.33974,17-6268-51774,McConnell,46.73972222,-79.34,17-6268-51774,,320.7678223
Radisson,48.21258,-80.75526,17-5180-53389,Radisson,48.20527778,-80.75777778,17-5180-53389,,320.96698
Mistinikon,47.96607,-80.73921,17-5196-53085,Mistinikon,47.93138889,-80.73694444,17-5197-53085,,321.614563
Tallan,44.84589,-78.0525,17-7329-49698,Tallan,44.84583333,-78.05277778,17-7329-49698,,322.0490112
Mountain,47.23078,-79.83215,17-5885-52314,Mountain,47.2325,-79.83083333,17-5885-52315,,322.1378174
Missinaibi,48.35674,-83.69128,17-3006-53592,Missinaibi,48.35666667,-83.69138889,17-3006-53592,,322.2720337
Holmes,48.01432,-80.50166,17-5372-53175,Holmes,48.01194444,-80.50055556,17-5373-53175,,323.1372681
Musselman,44.0309,-79.2731,17-6384-48765,Musselman,44.03083333,-79.27333333,17-6384-48765,,324.3899841
McKay,49.6134,-86.43808,16-5406-54956,McKay,49.61333333,-86.43805556,16-5406-54956,,324.7835693
Buck,45.29311,-77.74,18-2851-50189,Buck,45.29305556,-77.74027778,18-2851-50189,,325.1209106
Beatty,49.71792,-87.60467,16-4566-55070,Beatty,49.71583333,-87.60194444,16-4566-55070,,325.1517944
Leatherroot,45.17317,-77.20911,18-3264-50044,Leatherroot,45.17361111,-77.20972222,18-3264-50044,,326.9550171
Caviar,49.37469,-93.77506,15-4431-54685,Caviar,49.36833333,-93.78361111,15-4431-54685,,327.5218201
Dogpaw,49.36962,-93.90523,15-4342-54693,Dogpaw,49.37472222,-93.90583333,15-4342-54693,,327.623291
Bernard,45.73885,-79.38526,17-6257-50660,Bernard,45.73805556,-79.38416667,17-6257-50660,,328.1919861
White,48.78835,-85.61725,16-6003-54025,White,48.76944444,-85.63555556,16-6003-54025,,328.3603821
Mattagami,47.82548,-81.54069,17-4580-52980,Mattagami,47.83583333,-81.56111111,17-4580-52980,,328.637207
Shikwamkwa,48.09424,-84.14241,16-7128-53305,Shikwamkwa,48.09416667,-84.1425,16-7128-53305,,330.453186
Kenogamisis,49.70602,-86.85844,16-5087-55041,Kenogamisis,49.69111111,-86.87916667,16-5087-55041,,331.0493774
Jowsey,48.3748,-81.72373,17-4464-53580,Jowsey,48.37472222,-81.72388889,17-4464-53580,,331.0612183
Cedartree,49.30386,-93.86676,15-4375-54620,Cedartree,49.30944444,-93.85944444,15-4375-54620,,331.5715942
Silver,48.63108,-88.71542,16-3737-53877,Silver,48.63138889,-88.71444444,16-3737-53877,,332.3199463
Echo,45.17698,-79.06794,17-6520-50042,Echo,45.17722222,-79.06555556,17-6520-50042,,332.6749878
Lower Minnipuka,48.8965,-83.79523,17-2953-54198,Lower Minnipuka,48.89888889,-83.79277778,17-2953-54198,,332.7781982
Nemegosenda,48.0062,-83.11013,17-3426-53189,Nemegosenda,48.00611111,-83.11027778,17-3426-53189,,332.999939
Achigan,46.91679,-84.19601,16-7134-51997,Achigan,46.91861111,-84.19666667,16-7135-51997,,334.6062012
Kakagi,49.24073,-93.83253,15-4390-54514,Kakagi,49.21472222,-93.83722222,15-4390-54514,,334.8701782
Anima Nipissing,47.25951,-79.90616,17-5827-52344,Anima Nipissing,47.25944444,-79.90638889,17-5827-52344,,335.0831909
Teasdale,46.4795,-82.49876,17-3849-51482,Teasdale,46.47944444,-82.49888889,17-3849-51482,,336.2327271
Horwood,47.96766,-82.32184,17-4010-53144,Horwood,47.97694444,-82.32638889,17-4010-53144,,336.3930054
Placid,49.02703,-84.83384,16-6583-54325,Placid,49.02694444,-84.83388889,16-6584-54325,,336.6428223
Bittern,48.45849,-83.25316,17-3334-53694,Bittern,48.45805556,-83.25333333,17-3334-53695,,336.9796753
Gull,46.92203,-80.18504,17-5618-51964,Gull,46.92055556,-80.18888889,17-5618-51964,,337.1812744
Moose,45.14983,-78.46416,17-6995-50027,Moose,45.15138889,-78.4625,17-6995-50027,,338.0353088
Rowan,49.31937,-93.55764,15-4593-54629,Rowan,49.31972222,-93.56,15-4593-54629,,338.8699951
Michie,48.24121,-80.68504,17-5234-53429,Michie,48.24055556,-80.68472222,17-5234-53429,,338.9756775
McLean,47.19445,-79.97194,17-5778-52271,McLean,47.19472222,-79.97305556,17-5778-52271,,339.5621033
Little Moraine,49.01989,-88.83585,16-3657-54310,Little Moraine,49.01944444,-88.83722222,16-3657-54310,,340.0755615
Eagle,45.13784,-78.49157,17-6973-50011,Eagle,45.13777778,-78.49027778,17-6973-50011,,340.8305664
Moraine,48.98836,-88.85198,16-3644-54282,Moraine,48.99388889,-88.85305556,16-3644-54282,,341.4285278
Ivanhoe,48.08286,-82.62678,17-3788-53266,Ivanhoe,48.08277778,-82.62694444,17-3788-53266,,341.9960632
Langford,45.454,-79.28835,17-6339-50346,Langford,45.45388889,-79.28805556,17-6339-50346,,342.0314636
Paudash,44.96256,-78.04905,17-7323-49829,Paudash,44.96361111,-78.055,17-7323-49829,,342.1752625
Lady Evelyn,47.35053,-80.14644,17-5608-52396,Lady Evelyn,47.30944444,-80.19611111,17-5608-52397,,342.3413696
Popeye,46.44422,-82.54487,17-3813-51443,Popeye,46.44416667,-82.545,17-3813-51443,,342.3691101
Bad Vermilion,48.72571,-92.68243,15-5236-53978,Bad Vermilion,48.735,-92.67972222,15-5235-53978,,342.6352234
Oba,48.64543,-84.28872,16-6991-53906,Oba,48.63833333,-84.29694444,16-6991-53906,,342.7255249
Kapiskong,47.97534,-81.3826,17-4714-53134,Kapiskong,47.97527778,-81.38277778,17-4714-53134,,342.9295044
Lilac,48.29901,-92.37509,15-5464-53494,Lilac,48.29833333,-92.37388889,15-5464-53494,,343.0192871
Fall,48.79728,-88.63329,16-3800-54060,Fall,48.7975,-88.63388889,16-3800-54060,,343.0567017
Buckaday,48.98064,-87.75228,16-4450-54254,Buckaday,48.98111111,-87.75166667,16-4450-54254,,343.1865234
Garden,46.76463,-83.70654,17-2933-51822,Garden,46.76361111,-83.70722222,17-2933-51822,,344.4177246
Nursey,47.89868,-81.40566,17-4697-53049,Nursey,47.89861111,-81.40583333,17-4697-53049,,344.6242676
Dumbell,47.87667,-81.08547,17-4935-53022,Dumbell,47.87472222,-81.08638889,17-4935-53022,,344.6361084
Miner,48.80311,-88.62951,16-3803-54067,Miner,48.80361111,-88.62944444,16-3803-54067,,344.7164917
Lake of Bays,45.25269,-79.0313,17-6567-50131,Lake of Bays,45.25583333,-79.0025,17-6567-50131,,344.7616882
Kenogamissi,48.24057,-81.52985,17-4591-53367,Kenogamissi,48.18388889,-81.55,17-4591-53367,,344.7644653
Disraeli,49.13422,-88.982,16-3551-54440,Disraeli,49.13361111,-88.98666667,16-3551-54440,,344.8530579
Thompson,48.38777,-92.27777,15-5527-53591,Thompson,48.385,-92.28777778,15-5527-53591,,346.065033
Little Turtle,48.78047,-92.68563,15-5221-54041,Little Turtle,48.79111111,-92.69916667,15-5221-54041,,346.1804199
Burditt,48.96059,-93.77003,15-4430-54221,Burditt,48.95111111,-93.77833333,15-4430-54221,,347.1389465
Lena,48.05118,-84.683,16-6727-53244,Lena,48.05111111,-84.68305556,16-6727-53244,,347.1957397
Flack,46.58755,-82.78238,17-3634-51607,Flack,46.5875,-82.7825,17-3634-51607,,347.4458313
Kwinkwaga,48.80786,-85.33219,16-6225-54072,Kwinkwaga,48.80777778,-85.33222222,16-6225-54072,,347.8039551
Matthews,48.93675,-85.09856,16-6393-54219,Matthews,48.93666667,-85.09861111,16-6392-54219,,347.9765015
Captain Tom,48.47819,-92.31846,15-5503-53695,Captain Tom,48.47833333,-92.31888889,15-5503-53695,,348.0968323
Indian,48.03561,-81.60093,17-4553-53202,Indian,48.03555556,-81.60027778,17-4553-53202,,348.3460693
Shelden,46.58666,-83.59021,17-3014-51622,Shelden,46.58611111,-83.59166667,17-3014-51622,,348.531189
Lawrence,49.27504,-93.36566,15-4729-54570,Lawrence,49.2675,-93.37305556,15-4729-54570,,349.8971252
Shekak,49.09008,-85.08496,16-6398-54390,Shekak,49.09,-85.085,16-6398-54390,,350.0722046
Off,48.90206,-93.83011,15-4396-54165,Off,48.90055556,-93.82472222,15-4396-54165,,350.1668396
Eels,44.89509,-78.13984,17-7269-49741,Eels,44.88611111,-78.12638889,17-7269-49741,,350.4119873
Cloud,48.13648,-89.54093,16-3108-53342,Cloud,48.13527778,-89.54277778,16-3108-53342,,350.8450317
Loonhaunt,49.002,-93.50355,15-4632-54287,Loonhaunt,49.01222222,-93.50361111,15-4632-54287,,351.0021362
Stetham,47.83174,-81.58983,17-4558-52975,Stetham,47.83166667,-81.59,17-4559-52975,,351.116333
Tocheri,49.05147,-85.15469,16-6348-54346,Tocheri,49.05138889,-85.15472222,16-6348-54346,,351.291626
Baptiste,45.11648,-78.00344,18-2642-49981,Baptiste,45.09916667,-77.99638889,18-2642-49981,,352.0514221
Wasaw,48.7446,-93.57514,15-4579-53993,Wasaw,48.74694444,-93.5725,15-4579-53993,,352.0851135
Pipestone,49.09952,-93.54379,15-4595-54375,Pipestone,49.09111111,-93.55416667,15-4595-54375,,352.5081787
Schistose,49.15469,-93.60163,15-4562-54445,Schistose,49.15416667,-93.60083333,15-4562-54445,,352.7987671
Nameigos,48.78398,-84.70585,16-6678-54040,Nameigos,48.76833333,-84.71583333,16-6678-54040,,352.8845215
Carty,48.16538,-82.70049,17-3736-53361,Carty,48.16722222,-82.69944444,17-3736-53360,,352.979187
Callahan,47.5234,-84.51967,16-6867-52661,Callahan,47.52333333,-84.51972222,16-6867-52661,,353.2259521
Drag,45.07432,-78.41081,17-7042-49937,Drag,45.06944444,-78.40638889,17-7042-49937,,353.2998657
Lloyd,47.85644,-81.0022,17-5004-53007,Lloyd,47.86194444,-80.995,17-5004-53007,,353.6501465
Lowry,48.94751,-92.77819,15-5159-54211,Lowry,48.94472222,-92.7825,15-5159-54211,,354.1658325
Eagle,45.83223,-79.50188,17-6164-50763,Eagle,45.83277778,-79.50083333,17-6164-50763,,354.4949951
Kimball,45.34172,-78.67605,17-6818-50232,Kimball,45.34083333,-78.67916667,17-6818-50232,,354.9730225
Kawagama,45.29874,-78.75251,17-6767-50182,Kawagama,45.29666667,-78.74694444,17-6767-50182,,354.9790039
Bella,45.44431,-79.03118,17-6539-50341,Bella,45.44555556,-79.03194444,17-6539-50341,,355.085907
Nelson,46.72762,-81.09533,17-4928-51746,Nelson,46.72666667,-81.09444444,17-4928-51746,,355.3300781
Benson,45.41326,-79.06773,17-6512-50304,Benson,45.41277778,-79.06833333,17-6511-50304,,355.644989
Alder,44.86839,-78.14583,17-7255-49721,Alder,44.86833333,-78.14611111,17-7254-49721,,356.4620056
Pearceley,45.70041,-79.50356,17-6165-50616,Pearceley,45.7,-79.50416667,17-6165-50616,,356.4729919
Cairngorm,48.99187,-86.93716,16-5042-54260,Cairngorm,48.98916667,-86.94194444,16-5043-54260,,356.8445129
Rodd,47.17311,-80.63868,17-5274-52242,Rodd,47.17305556,-80.63833333,17-5274-52242,,356.9506226
Jackfish,47.99953,-85.58941,16-6052-53171,Jackfish,48.00055556,-85.58944444,16-6052-53171,,357.0168457
Wabatongushi,48.46364,-84.23041,16-7050-53715,Wabatongushi,48.46527778,-84.22694444,16-7050-53715,,357.4419861
Sill,46.77338,-84.24994,16-7100-51834,Sill,46.77333333,-84.25,16-7099-51834,,357.659668
Abigogami,48.99719,-88.82025,16-3670-54288,Abigogami,48.99944444,-88.81833333,16-3670-54288,,357.7145386
Kaiashkons,49.05496,-93.39573,15-4710-54335,Kaiashkons,49.05527778,-93.39666667,15-4710-54335,,357.9236755
Adelaide,47.05965,-84.31112,16-7046-52151,Adelaide,47.06,-84.30527778,16-7046-52151,,358.0212708
Otukamamoan,48.96084,-92.89431,15-5100-54230,Otukamamoan,48.96166667,-92.86333333,15-5100-54230,,358.1092529
Makami,47.73095,-81.84357,17-4372-52874,Makami,47.73861111,-81.8375,17-4372-52874,,358.4432983
Upper Pancake,47.10561,-84.61995,16-6806-52194,Upper Pancake,47.10555556,-84.62,16-6806-52194,,358.7727051
Priam,49.34673,-93.35655,15-4745-54662,Priam,49.35027778,-93.35111111,15-4745-54663,,359.5274048
Haliburton,45.1925,-78.40044,17-7045-50074,Haliburton,45.19277778,-78.39638889,17-7045-50075,,359.8543091
Banner,47.79376,-81.00072,17-4999-52930,Banner,47.7925,-81.00138889,17-4999-52930,,360.5427856
Heron,48.93116,-92.67054,15-5242-54196,Heron,48.93111111,-92.67027778,15-5241-54196,,361.302063
Mesomikenda,47.64812,-81.87872,17-4340-52773,Mesomikenda,47.64805556,-81.87888889,17-4340-52773,,361.5609741
McAree,48.28734,-91.92461,15-5787-53500,McAree,48.30055556,-91.93916667,15-5787-53500,,361.9512939
Catlonite,49.17841,-87.00698,16-4995-54471,Catlonite,49.17833333,-87.00694444,16-4995-54471,,363.7647705
Castra,46.57422,-83.18879,17-3323-51600,Castra,46.57416667,-83.18888889,17-3323-51599,,363.8021545
Katimiagamak,49.12173,-93.7193,15-4479-54411,Katimiagamak,49.12222222,-93.71444444,15-4479-54411,,363.8728638
Ear,47.82228,-84.68512,16-6735-52992,Ear,47.82472222,-84.6825,16-6735-52992,,364.0192566
Redstone,45.18369,-78.53568,17-6934-50060,Redstone,45.18305556,-78.53805556,17-6934-50060,,364.7363281
Bluffpoint,49.1767,-93.37447,15-4725-54467,Bluffpoint,49.17472222,-93.37666667,15-4726-54467,,364.9277649
Minn,48.34411,-91.89999,15-5812-53550,Minn,48.345,-91.90388889,15-5812-53550,,364.9782715
Oxtongue,45.36592,-78.91921,17-6628-50250,Oxtongue,45.36194444,-78.92138889,17-6628-50250,,366.3701172
Makobe,47.4477,-80.43034,17-5430-52549,Makobe,47.44833333,-80.42972222,17-5430-52549,,366.4260864
Forbes,49.07171,-88.85291,16-3647-54369,Forbes,49.07166667,-88.8525,16-3647-54369,,366.6786499
Oliver,48.26566,-89.58774,16-3081-53489,Oliver,48.26583333,-89.58611111,16-3081-53489,,366.8024902
Ketchini,47.85039,-81.90726,17-4322-53002,Ketchini,47.85333333,-81.90666667,17-4322-53002,,366.949646
Ministic,46.56112,-81.56769,17-4564-51563,Ministic,46.56083333,-81.56888889,17-4564-51563,,366.9733582
Beaverhouse,48.54596,-92.10223,15-5662-53769,Beaverhouse,48.54333333,-92.1025,15-5662-53769,,366.9989014
Semple,48.00111,-81.29998,17-4776-53163,Semple,48.00138889,-81.30055556,17-4776-53163,,367.8987122
Murphys,45.66067,-77.81168,18-2810-50600,Murphys,45.66111111,-77.81138889,18-2810-50600,,369.8439941
Old Woman,47.62155,-84.72187,16-6710-52766,Old Woman,47.6225,-84.72444444,16-6710-52766,,369.9122314
Joe,46.73708,-81.01196,17-4991-51755,Joe,46.73472222,-81.01138889,17-4991-51755,,370.4215393
Lower Manitou,49.27811,-92.94807,15-5023-54567,Lower Manitou,49.26472222,-92.96833333,15-5023-54567,,370.6810913
Upper Manitou,49.40161,-92.77724,15-5149-54725,Upper Manitou,49.40694444,-92.79527778,15-5149-54725,,372.0054321
Red Pine,45.20439,-78.70184,17-6806-50080,Red Pine,45.20416667,-78.7,17-6806-50080,,372.4376221
Pogamasing,46.96784,-81.83568,17-4364-52017,Pogamasing,46.96777778,-81.83583333,17-4364-52017,,373.1552429
Faraday,45.05977,-77.92222,18-2699-49935,Faraday,45.05972222,-77.9225,18-2699-49935,,373.6296997
Eltrut,49.00154,-92.41658,15-5429-54280,Eltrut,49.00555556,-92.41333333,15-5429-54280,,374.7803345
MacIntosh,48.74456,-88.69785,16-3752-54002,MacIntosh,48.74416667,-88.69722222,16-3752-54002,,374.9464722
Ninth,47.30503,-81.85852,17-4352-52392,Ninth,47.30472222,-81.85777778,17-4352-52392,,375.013855
Geiger,46.53217,-82.4864,17-3860-51538,Geiger,46.53027778,-82.48694444,17-3860-51538,,375.0296021
Gamsby,49.51785,-87.18172,16-4869-54848,Gamsby,49.51777778,-87.18166667,16-4868-54848,,375.069397
Long,49.44607,-92.32731,15-5477-54774,Long,49.44972222,-92.34222222,15-5477-54774,,375.2441101
Salmon Trout,45.19005,-77.81305,18-2790-50077,Salmon Trout,45.19,-77.81333333,18-2790-50077,,375.3794556
Rush,47.79333,-82.19307,17-4104-52936,Rush,47.79166667,-82.19611111,17-4104-52936,,376.3591309
Rollo,47.88286,-82.64873,17-3767-53044,Rollo,47.88277778,-82.64888889,17-3767-53044,,376.5856323
South Greenhill,48.45508,-83.88685,17-2866-53707,South Greenhill,48.455,-83.88694444,17-2866-53707,,376.7219238
Cobre,46.63533,-82.79405,17-3627-51660,Cobre,46.63527778,-82.79416667,17-3627-51660,,376.9077148
Hilma,48.72363,-88.6958,16-3752-53979,Hilma,48.72388889,-88.69666667,16-3752-53979,,377.1142578
Kirkpatrick,46.65714,-83.09401,17-3400-51692,Kirkpatrick,46.65888889,-83.09138889,17-3400-51692,,377.3673706
Sand,47.72534,-84.52605,16-6855-52885,Sand,47.72527778,-84.52611111,16-6855-52885,,377.4276123
Long,45.71027,-79.17508,17-6412-50632,Long,45.71,-79.18583333,17-6412-50632,,378.3760071
Dotty,45.46152,-78.99156,17-6571-50360,Dotty,45.46166667,-78.99083333,17-6571-50360,,378.6117554
Smoothwater,47.39379,-80.6852,17-5243-52488,Smoothwater,47.39416667,-80.6775,17-5243-52488,,378.6313477
Manion,48.90942,-92.31834,15-5502-54176,Manion,48.91138889,-92.31555556,15-5502-54176,,379.210083
Rapid,45.51247,-78.21316,17-7175-50433,Rapid,45.51111111,-78.215,17-7176-50433,,379.5918579
Three Ducks,47.54316,-81.90604,17-4323-52646,Three Ducks,47.54694444,-81.90527778,17-4319-52661,,380.1199951
Perch,48.74848,-91.83244,15-5849-53998,Perch,48.74694444,-91.84472222,15-5849-53998,,380.2049561
Wig,49.38507,-87.24311,16-4824-54701,Wig,49.385,-87.24305556,16-4824-54701,,381.001709
Denyes,47.84019,-82.78009,17-3670-52999,Denyes,47.84055556,-82.77722222,17-3670-52999,,381.1049805
Buck,46.98422,-83.8841,17-2807-52072,Buck,46.98416667,-83.88416667,17-2807-52072,,381.2319946
Calm,48.78402,-92.08944,15-5676-54025,Calm,48.77416667,-92.08055556,15-5676-54025,,381.3902893
Innes,48.82849,-88.70686,16-3750-54094,Innes,48.82722222,-88.70333333,16-3750-54094,,381.8225098
Rice,47.70129,-82.1231,17-4148-52820,Rice,47.68777778,-82.13472222,17-4148-52820,,384.525238
Chrysler,47.47118,-81.10758,17-4919-52573,Chrysler,47.47111111,-81.10777778,17-4919-52573,,384.7091675
Pettit,48.94535,-92.26647,15-5537-54222,Pettit,48.95194444,-92.26722222,15-5537-54222,,386.0327759
Little Dossier,47.76202,-84.71272,16-6714-52922,Little Dossier,47.76194444,-84.71277778,16-6714-52922,,386.9660339
Aylen,45.61836,-77.85586,18-2779-50548,Aylen,45.61333333,-77.84861111,18-2779-50548,,387.1471863
Sandbeach,48.95915,-92.20128,15-5586-54227,Sandbeach,48.95611111,-92.19888889,15-5586-54227,,387.3873901
Percy,45.20788,-78.36041,17-7080-50094,Percy,45.20916667,-78.35166667,17-7080-50094,,388.194397
Pebonishewi,47.7183,-82.04392,17-4217-52855,Pebonishewi,47.72027778,-82.04444444,17-4217-52855,,388.4711304
Dobie,46.54588,-83.02212,17-3450-51565,Dobie,46.54583333,-83.02222222,17-3450-51565,,389.1817932
Rawhide,46.65506,-82.61487,17-3764-51679,Rawhide,46.655,-82.615,17-3764-51679,,389.5493774
Carmen,47.48696,-80.58688,17-5312-52592,Carmen,47.48722222,-80.58611111,17-5312-52592,,390.9932861
White Pine,47.28201,-80.83063,17-5128-52363,White Pine,47.28194444,-80.83083333,17-5128-52363,,391.3076172
Entwine,49.13684,-92.68273,15-5231-54423,Entwine,49.13527778,-92.68361111,15-5231-54423,,392.4041443
Vista,49.06245,-93.08016,15-4943-54343,Vista,49.06361111,-93.07833333,15-4943-54343,,392.5186157
Little Burwash,47.13256,-81.09204,17-4930-52197,Little Burwash,47.1325,-81.09222222,17-4930-52197,,392.8548584
Oshawong,47.19487,-81.36096,17-4728-52266,Oshawong,47.19444444,-81.35944444,17-4728-52266,,393.3874512
Southbear,47.5213,-80.55067,17-5338-52629,Southbear,47.52027778,-80.55111111,17-5338-52629,,393.4394531
Dayohessarah,48.78119,-85.02995,16-6447-54048,Dayohessarah,48.78111111,-85.03,16-6447-54048,,394.2850342
Kalaco,47.17792,-81.39287,17-4702-52245,Kalaco,47.175,-81.39277778,17-4702-52245,,394.4677124
Kwagama,47.44016,-84.58345,16-6823-52566,Kwagama,47.43888889,-84.58222222,16-6823-52566,,394.7190247
Katagi,47.90867,-81.96916,17-4271-53064,Katagi,47.90916667,-81.97583333,17-4271-53065,,394.7482605
Island,47.51388,-80.5893,17-5310-52621,Island,47.51333333,-80.58888889,17-5310-52621,,395.0333862
Argo,48.25397,-91.80679,15-5888-53453,Argo,48.25694444,-91.80388889,15-5888-53453,,395.9844055
Bending,49.32637,-92.15291,15-5627-54632,Bending,49.32027778,-92.1375,15-5627-54632,,396.6768188
Nolan,48.75422,-88.71122,16-3742-54014,Nolan,48.75444444,-88.71166667,16-3742-54013,,396.7711792
Cliff,49.04188,-88.77821,16-3700-54335,Cliff,49.0425,-88.77861111,16-3700-54335,,396.8925781
Scotia,47.07183,-81.37676,17-4713-52126,Scotia,47.06861111,-81.37833333,17-4713-52126,,400.1053467
Penelope,46.83672,-83.50296,17-3091-51898,Penelope,46.83666667,-83.50305556,17-3091-51898,,400.5869141
Hardiman,47.97112,-82.14951,17-4140-53137,Hardiman,47.97277778,-82.15222222,17-4140-53137,,400.8505249
Mijinemungshing,47.69125,-84.70487,16-6718-52845,Mijinemungshing,47.69333333,-84.71055556,16-6718-52845,,401.668335
James,49.15209,-93.06429,15-4953-54441,James,49.15166667,-93.06472222,15-4953-54441,,401.9668579
Biscotasi,47.29951,-82.08179,17-4182-52388,Biscotasi,47.29944444,-82.08194444,17-4182-52388,,402.0110474
Crystal,45.12017,-77.4598,18-3065-49990,Crystal,45.12,-77.46055556,18-3065-49990,,402.5549316
Fletcher,45.35355,-78.78435,17-6738-50244,Fletcher,45.35388889,-78.78111111,17-6738-50244,,403.6755371
Mamainse,47.03048,-84.61844,16-6811-52113,Mamainse,47.03277778,-84.61611111,16-6811-52114,,403.838501
Cecil,49.54021,-91.40065,15-6164-54885,Cecil,49.53944444,-91.39138889,15-6164-54884,,404.1600037
Dovetail,48.87992,-92.0409,15-5704-54143,Dovetail,48.88,-92.04,15-5704-54143,,404.2375793
Whitefish,48.22119,-90.00085,16-2773-53446,Whitefish,48.21722222,-89.99861111,16-2773-53446,,405.1253662
McKenzie,45.36459,-78.01951,17-7331-50275,McKenzie,45.36416667,-78.02305556,17-7331-50275,,405.192688
Pringle,49.05233,-88.76841,16-3708-54345,Pringle,49.05194444,-88.76777778,16-3708-54345,,405.5377197
Cripple,45.5596,-79.00745,17-6554-50468,Cripple,45.55888889,-79.00833333,17-6554-50467,,405.9830017
Mameigwess,49.55072,-91.82545,15-5853-54894,Mameigwess,49.55305556,-91.82111111,15-5853-54894,,406.9801025
Indian,49.54834,-91.66632,15-5965-54891,Indian,49.54888889,-91.66611111,15-5965-54891,,407.0100098
Helen,47.01777,-81.0952,17-4925-52070,Helen,47.01888889,-81.09805556,17-4925-52070,,407.0172119
Pickerel,48.63384,-91.37177,15-6146-53867,Pickerel,48.62472222,-91.44444444,15-6146-53867,,407.2272644
Floranna,48.1212,-83.31097,17-3280-53321,Floranna,48.12111111,-83.31111111,17-3280-53321,,407.2320862
Dibble,49.19884,-92.02659,15-5704-54495,Dibble,49.19666667,-92.03416667,15-5704-54496,,407.2509155
Leishman,46.71227,-83.95743,17-2739-51772,Leishman,46.71222222,-83.9575,17-2740-51772,,407.2720947
Indian,47.12966,-82.1271,17-4145-52197,Indian,47.12694444,-82.12666667,17-4146-52197,,407.2949829
Bluesky,45.74939,-79.17707,17-6417-50675,Bluesky,45.74888889,-79.17888889,17-6417-50676,,407.4649963
Sowden,49.54735,-91.20672,15-6304-54898,Sowden,49.54916667,-91.19722222,15-6304-54899,,408.1375122
McCaulay,48.70827,-91.97711,15-5752-53953,McCaulay,48.70833333,-91.97722222,15-5752-53953,,408.265625
Finlayson,48.9101,-91.58889,15-6034-54181,Finlayson,48.90916667,-91.58944444,15-6034-54181,,408.4152222
Poorhouse,45.36477,-78.7556,17-6758-50257,Poorhouse,45.365,-78.75555556,17-6758-50257,,408.9363403
Wapageisi,49.32443,-92.35219,15-5472-54633,Wapageisi,49.32222222,-92.35055556,15-5472-54632,,409.3288269
S,46.67256,-81.87708,17-4329-51689,S,46.6725,-81.87722222,17-4329-51689,,409.9121094
Factor,48.70208,-92.0698,15-5688-53944,Factor,48.70055556,-92.06472222,15-5688-53944,,410.208374
South Wapageisi,49.26695,-92.38208,15-5449-54565,South Wapageisi,49.26166667,-92.38333333,15-5449-54565,,410.3864746
Goodwin,45.25505,-78.64918,17-6844-50137,Goodwin,45.255,-78.64944444,17-6844-50137,,411.3320007
Arbuckle,45.37262,-78.81965,17-6707-50264,Arbuckle,45.37222222,-78.81944444,17-6708-50264,,411.5759888
Mozhabong,46.95159,-82.08518,17-4175-51987,Mozhabong,46.93861111,-82.08361111,17-4175-51987,,411.6070557
Agnes,48.22804,-91.35112,15-6228-53450,Agnes,48.24805556,-91.34527778,15-6229-53450,,411.881958
Wideman,48.68394,-88.76817,16-3699-53936,Wideman,48.68416667,-88.76722222,16-3699-53936,,412.4416504
Dick,47.10866,-84.358,16-7004-52204,Dick,47.10861111,-84.35805556,16-7004-52204,,412.7619934
Avery,47.14395,-81.23287,17-4823-52210,Avery,47.14388889,-81.23305556,17-4823-52210,,413.741394
Dennie,46.91451,-81.90151,17-4313-51958,Dennie,46.91444444,-81.90166667,17-4313-51958,,414.3025208
Wabigoon,47.67774,-84.67689,16-6746-52826,Wabigoon,47.67527778,-84.67333333,16-6746-52826,,414.5223999
White Otter,49.09057,-91.86311,15-5816-54402,White Otter,49.11111111,-91.88138889,15-5816-54402,,414.7944946
Marmion,48.89674,-91.51896,15-6065-54144,Marmion,48.875,-91.54722222,15-6065-54144,,414.9863892
Prune,47.18868,-81.12899,17-4902-52259,Prune,47.18861111,-81.12916667,17-4902-52259,,415.3006897
Holinshead,49.65403,-89.68153,16-3069-55034,Holinshead,49.65416667,-89.67555556,16-3069-55034,,416.1506653
Little Sandbar,49.45098,-91.54113,15-6059-54782,Little Sandbar,49.44916667,-91.53944444,15-6059-54782,,416.7298584
West Kabenung,48.2603,-85.04903,16-6450-53469,West Kabenung,48.26055556,-85.04583333,16-6450-53469,,416.9491577
Parks,49.45125,-87.64326,16-4548-54782,Parks,49.45638889,-87.62305556,16-4548-54782,,417.0654907
Katzenbach,48.06369,-85.33663,16-6239-53245,Katzenbach,48.06361111,-85.33666667,16-6239-53245,,417.6952209
Mishi,48.07953,-85.35913,16-6222-53262,Mishi,48.07944444,-85.35916667,16-6222-53262,,417.8897705
Astonish,46.56531,-82.85482,17-3582-51582,Astonish,46.56416667,-82.85055556,17-3582-51582,,418.4829407
Duval,46.72117,-83.05211,17-3432-51760,Duval,46.72111111,-83.05222222,17-3432-51760,,418.5033569
Paguchi,49.56217,-91.52956,15-6056-54920,Paguchi,49.57333333,-91.53972222,15-6056-54920,,418.5966187
Deschamp,46.57699,-82.43105,17-3903-51589,Deschamp,46.57666667,-82.43166667,17-3903-51589,,419.3754578
Florence,47.2431,-80.55819,17-5335-52315,Florence,47.23777778,-80.55777778,17-5335-52315,,420.2833862
Belwood,43.7585,-80.33953,17-5535-48461,Belwood,43.76805556,-80.33583333,17-5535-48461,,420.3059998
Greenwich,48.80501,-88.85841,16-3638-54070,Greenwich,48.80333333,-88.85472222,16-3638-54070,,420.6653442
Gavor,47.10214,-84.01306,16-7267-52208,Gavor,47.10361111,-84.01194444,16-7267-52208,,420.8850098
Dog,48.77812,-89.51281,16-3132-54041,Dog,48.76388889,-89.5425,16-3132-54041,,421.072998
Hunters,48.68849,-88.73973,16-3724-53935,NA,48.69,-88.7375,16-3715-53932,Need to check. In same lake as Elbow,421.1774292
Elbow,48.6909,-88.73401,16-3724-53943,Elbow,48.69083333,-88.73388889,16-3724-53943,,421.8269653
Lower Muldrew,47.08843,-81.61974,17-4529-52150,Lower Muldrew,47.08916667,-81.62,17-4529-52150,,422.1259766
Okiniada,47.46489,-80.76159,17-5179-52567,Okiniada,47.46527778,-80.76222222,17-5179-52567,,422.9215393
Nora,49.19934,-91.85993,15-5842-54507,Nora,49.205,-91.84416667,15-5842-54507,,422.9823608
Rutter,49.07359,-92.20036,15-5581-54358,Rutter,49.07472222,-92.20416667,15-5581-54358,,424.1369934
Long,48.73714,-88.73431,16-3725-53994,Long,48.73694444,-88.73416667,16-3725-53995,,424.4987183
Nym,48.68333,-91.42721,15-6136-53934,Nym,48.68555556,-91.45638889,15-6136-53934,,424.7548828
Secret,49.07877,-92.14008,15-5627-54364,Secret,49.07888889,-92.14111111,15-5627-54364,,425.0776978
Clearwater West,49.00747,-91.98602,15-5755-54281,Clearwater West,49.00333333,-91.96833333,15-5755-54281,,425.2353821
Borden,47.82327,-83.29694,17-3280-52990,Borden,47.82333333,-83.2975,17-3280-52990,,426.4355469
Rushbrook,46.73787,-81.91669,17-4302-51759,Rushbrook,46.73472222,-81.91305556,17-4302-51759,,427.0012817
Ross,48.36006,-90.93755,15-6528-53582,Ross,48.36027778,-90.93666667,15-6528-53582,,427.4313354
Spinweb,46.67548,-82.38285,17-3943-51700,Spinweb,46.67694444,-82.38138889,17-3943-51700,,427.5368652
Dunstan,45.58689,-79.04685,17-6523-50498,Dunstan,45.58666667,-79.0475,17-6523-50498,,427.5499878
Mercutio,48.80983,-91.09871,15-6383-54085,Mercutio,48.81611111,-91.11666667,15-6383-54085,,427.5879517
Gamitagama,47.65757,-84.76551,16-6678-52804,Gamitagama,47.6575,-84.76555556,16-6678-52804,,427.8048706
Hawkeye,48.68599,-89.45228,16-3199-53954,Hawkeye,48.68722222,-89.44666667,16-3199-53953,,428.8515015
McNaught,47.80341,-83.21843,17-3342-52966,McNaught,47.80305556,-83.21472222,17-3342-52966,,429.6000977
Barbara,49.34384,-87.80103,16-4420-54651,Barbara,49.33805556,-87.79833333,16-4420-54651,,430.0951538
North,45.72134,-79.19754,17-6403-50645,North,45.72138889,-79.19694444,17-6403-50645,,430.3909912
Crowrock,48.97243,-91.79738,15-5858-54247,Crowrock,48.97166667,-91.82777778,15-5858-54248,,430.513916
Sandford,49.10844,-91.68457,15-5955-54404,Sandford,49.11083333,-91.69166667,15-5955-54404,,430.7951965
Turtle,48.95315,-91.94003,15-5770-54220,Turtle,48.94805556,-91.94805556,15-5770-54220,,430.9367065
Eva,48.71744,-91.15971,15-6340-53970,Eva,48.71333333,-91.17805556,15-6340-53970,,431.1370544
Prairie Bee,47.9122,-83.90502,17-2830-53096,Prairie Bee,47.90472222,-83.90333333,17-2830-53096,,431.8436279
Strickland,48.74758,-84.96384,16-6497-54012,Strickland,48.7475,-84.96388889,16-6497-54012,,433.1678467
Crystal,48.7076,-91.27802,15-6263-53964,Crystal,48.70944444,-91.28277778,15-6263-53964,,433.7261963
Abbess,48.67977,-91.68384,15-5970-53925,Abbess,48.68027778,-91.68277778,15-5970-53925,,434.078186
Nelson,45.4919,-78.9583,17-6595-50395,Nelson,45.4925,-78.95888889,17-6595-50395,,434.1740112
Crooked Pine,48.7846,-91.09824,15-6401-54050,Crooked Pine,48.78444444,-91.09333333,15-6401-54050,,434.4041748
Scattergood,49.29686,-92.71694,15-5206-54600,Scattergood,49.29416667,-92.71611111,15-5206-54600,,435.2133484
Ranger,46.90502,-83.56707,17-3053-51969,Ranger,46.89944444,-83.55666667,17-3053-51970,,435.9746704
Burchell,48.58834,-90.62706,15-6747-53842,Burchell,48.58888889,-90.63027778,15-6748-53842,,436.1340942
South Branch,45.6684,-79.05924,17-6512-50588,South Branch,45.66833333,-79.05944444,17-6512-50588,,437.2869263
Smith,47.37764,-80.75967,17-5182-52469,Smith,47.37722222,-80.75861111,17-5182-52469,,437.4698486
Louisa,48.1557,-91.32066,15-6250-53348,Louisa,48.15638889,-91.31916667,15-6250-53348,,438.239502
Aubrey,46.90546,-83.18616,17-3340-51953,Aubrey,46.89277778,-83.17888889,17-3340-51953,,438.9489746
Meach,45.29978,-78.13084,17-7249-50200,Meach,45.29972222,-78.13111111,17-7249-50200,,439.0613403
Little Meach,45.28978,-78.12084,17-7258-50190,Little Meach,45.28972222,-78.12111111,17-7258-50190,,439.4745483
Grey Trout,49.0294,-92.07951,15-5670-54304,Grey Trout,49.02472222,-92.08361111,15-5670-54304,,440.2553406
Irene,49.1255,-91.60496,15-6015-54420,Irene,49.12444444,-91.60833333,15-6015-54420,,440.2599182
North McCrea,48.39452,-85.48552,16-6121-53610,North McCrea,48.39444444,-85.48555556,16-6121-53610,,441.2240601
Northern Light,48.24446,-90.6759,15-6723-53466,Northern Light,48.25111111,-90.67916667,15-6723-53466,,441.2568359
Kilgour,49.24343,-87.89394,16-4348-54546,Kilgour,49.24305556,-87.89638889,16-4348-54546,,441.6993713
Flame,47.28889,-83.17746,17-3354-52393,Flame,47.28833333,-83.17666667,17-3354-52393,,442.7108154
Rinker,49.18251,-89.43716,16-3223-54503,Rinker,49.18194444,-89.43777778,16-3224-54503,,442.8356934
Selwyn,49.45958,-90.89168,15-6531-54804,Selwyn,49.45861111,-90.88777778,15-6531-54804,,442.9047852
Wenebegon,47.38611,-83.09145,17-3416-52510,Wenebegon,47.395,-83.09888889,17-3416-52510,,443.0096436
Question Mark,48.71159,-88.78007,16-3690-53967,Question Mark,48.71166667,-88.78083333,16-3690-53967,,443.1408386
Bark,46.91066,-82.46795,17-3874-51976,Bark,46.92472222,-82.47861111,17-3874-51977,,443.8052979
Jolly,49.16785,-89.45932,16-3207-54488,Jolly,49.16777778,-89.45916667,16-3207-54488,,444.6662598
This Man,48.16447,-91.2036,15-6332-53357,This Man,48.1625,-91.20861111,15-6332-53357,,445.2107544
Bisect,48.70281,-88.75896,16-3706-53956,Bisect,48.70194444,-88.75888889,16-3706-53956,,445.4196472
Wakami,47.48206,-82.84313,17-3606-52610,Wakami,47.48944444,-82.85083333,17-3606-52610,,445.5882874
Peyton,45.77203,-79.15232,17-6436-50702,Peyton,45.7725,-79.15333333,17-6436-50702,,445.7608643
Other Man,48.19347,-91.14873,15-6375-53394,Other Man,48.195,-91.15027778,15-6375-53394,,445.9264832
Mowe,48.33174,-90.74281,15-6672-53552,Mowe,48.32944444,-90.74416667,15-6672-53552,,446.3136902
Kawene,48.7611,-91.20623,15-6315-54021,Kawene,48.75972222,-91.21111111,15-6315-54021,,446.8457642
Little Wawa,47.84731,-83.82821,17-2884-53030,Little Wawa,47.84722222,-83.82833333,17-2884-53030,,446.8659668
Crook,49.05957,-92.13549,15-5634-54343,Crook,49.06055556,-92.13277778,15-5633-54343,,447.0129395
Lulu,47.40481,-80.75706,17-5184-52500,Lulu,47.40555556,-80.75638889,17-5184-52500,,447.016449
Bedivere,48.86818,-90.84937,15-6578-54141,Bedivere,48.86194444,-90.84916667,15-6578-54141,,447.3232727
Clegge,48.74428,-88.7448,16-3718-54003,Clegge,48.74416667,-88.74416667,16-3718-54003,,447.5630798
Sunset,48.20291,-89.93727,16-2818-53430,Sunset,48.20444444,-89.93666667,16-2818-53430,,448.4910278
Walotka,49.04481,-89.07437,16-3483-54344,Walotka,49.04555556,-89.07638889,16-3483-54344,,448.8474121
Shebandowans,48.64559,-90.26705,15-7026-53901,Shebandowans,48.645,-90.30138889,15-6988-53913,,449.2188416
Hanes,47.11457,-83.88482,17-2809-52215,Hanes,47.11277778,-83.88777778,17-2809-52215,,449.348053
Beak,47.21363,-83.14591,17-3370-52303,Beak,47.2075,-83.15222222,17-3370-52303,,449.6174622
Kay,49.23546,-91.47242,15-6111-54547,Kay,49.23694444,-91.47333333,15-6111-54547,,449.6984558
Shebandowans,48.64304,-90.30157,15-6988-53913,Shebandowans,48.645,-90.30138889,15-6988-53913,,449.7457275
Quinn,47.16053,-83.89663,17-2800-52265,Quinn,47.15694444,-83.90194444,17-2800-52265,,450.8674622
Bethune,48.95168,-91.57173,15-6049-54231,Bethune,48.95388889,-91.56666667,15-6049-54231,,450.8970337
Savoy,49.27585,-91.01053,15-6448-54598,Savoy,49.27611111,-91.00972222,15-6448-54598,,451.0199585
Ellen,48.14412,-85.38996,16-6192-53335,Ellen,48.14555556,-85.39805556,16-6192-53335,,451.0869141
Burnt Island,48.79053,-90.84131,15-6584-54061,Burnt Island,48.78972222,-90.84305556,15-6584-54061,,451.1229858
Gong,47.07006,-83.53602,17-3074-52158,Gong,47.07,-83.53611111,17-3075-52158,,451.5467529
Rose,47.0495,-82.40792,17-3930-52114,Rose,47.04944444,-82.40805556,17-3931-52114,,453.4924927
McLennan,47.72341,-83.39714,17-3202-52877,McLennan,47.71972222,-83.39694444,17-3202-52877,,453.5662231
McEwen,47.64612,-84.13189,16-7153-52806,McEwen,47.645,-84.13361111,16-7153-52806,,453.7299805
Kearns,49.50753,-90.01676,15-7163-54881,Kearns,49.50861111,-90.01194444,15-7163-54881,,453.7559204
Greenwater,48.57454,-90.42999,15-6904-53837,Greenwater,48.57916667,-90.41861111,15-6904-53837,,454.2036133
Megisan,47.24629,-83.52106,17-3090-52347,Megisan,47.24,-83.52333333,17-3090-52347,,455.1712952
Loch Erne,48.6134,-90.36049,15-6946-53876,Loch Erne,48.61277778,-90.36027778,15-6946-53876,,455.1781311
Lac des Mille Lacs,48.87653,-90.51282,15-6827-54135,Lac des Mille Lacs,48.84916667,-90.51027778,15-6826-54135,,455.4850464
Icarus,48.22011,-90.57186,15-6814-53436,Icarus,48.22166667,-90.55805556,15-6814-53436,,455.531311
Whitefish,48.37969,-90.68675,15-6707-53610,Whitefish,48.38111111,-90.695,15-6707-53610,,455.8557739
Baril,48.75029,-90.75708,15-6650-54018,Baril,48.74916667,-90.755,15-6650-54018,,456.7507324
Como,47.91648,-83.5157,17-3120-53099,Como,47.91638889,-83.51583333,17-3120-53099,,457.2728882
Loganberry,49.44536,-90.13101,15-7085-54809,Loganberry,49.44666667,-90.12333333,15-7085-54809,,457.7927246
Elevation,48.3436,-90.87116,15-6577-53565,Elevation,48.34416667,-90.87166667,15-6577-53565,,458.881958
Titmarsh,48.35538,-90.52995,15-6832-53585,Titmarsh,48.35472222,-90.5275,15-6832-53585,,459.0001221
Kashabowie,48.71886,-90.39423,15-6913-53983,Kashabowie,48.71027778,-90.39972222,15-6913-53983,,459.1329956
Redfox,48.4187,-90.88119,15-6569-53648,Redfox,48.41833333,-90.88,15-6569-53648,,459.8164063
Boumage,46.87978,-82.42729,17-3914-51928,Boumage,46.88138889,-82.425,17-3914-51927,,459.8381958
Holly,49.43642,-90.08177,15-7111-54802,Holly,49.43972222,-90.08777778,15-7111-54802,,459.9367065
Camp,48.74852,-90.42086,15-6896-54026,Camp,48.74916667,-90.42027778,15-6896-54026,,460.7692261
Nelson,48.46221,-90.52889,15-6828-53703,Nelson,48.46083333,-90.52777778,15-6828-53702,,460.9940186
Anvil,47.07089,-83.51018,17-3094-52159,Anvil,47.07083333,-83.51027778,17-3094-52159,,461.3929443
Stetham,48.67442,-90.68295,15-6708-53937,Stetham,48.67472222,-90.67944444,15-6708-53937,,462.2783813
Grew,49.40645,-90.12211,15-7088-54764,Grew,49.40638889,-90.12194444,15-7088-54764,,462.328186
Scotch,49.15786,-91.17121,15-6345-54482,Scotch,49.17388889,-91.15444444,15-6345-54482,,462.5844421
Weikwabinonaw,48.32507,-90.37651,15-6958-53562,Weikwabinonaw,48.33055556,-90.35888889,15-6957-53562,,463.2398682
Weaver,49.53029,-90.19699,15-7012-54867,Weaver,49.50111111,-90.22138889,15-7012-54867,,463.5411377
Tilly,48.62935,-90.9475,15-6508-53878,Tilly,48.62722222,-90.95305556,15-6508-53878,,464.133667
Graham,47.1448,-83.81865,17-2862-52249,Graham,47.14472222,-83.82027778,17-2862-52249,,464.3221436
Jacob,48.35246,-90.32642,15-6979-53586,Jacob,48.35194444,-90.32888889,15-6979-53586,,464.3444214
Fallingsnow,48.14185,-89.7849,16-2930-53355,Fallingsnow,48.14138889,-89.78305556,16-2930-53355,,464.3580933
Fork,48.71272,-90.69343,15-6696-53978,Fork,48.71194444,-90.69388889,15-6696-53978,,464.7840576
Lac des Iles,49.20226,-89.61011,16-3103-54530,Lac des Iles,49.20222222,-89.60472222,16-3103-54530,,465.5504761
Batwing,48.44209,-90.17355,15-7091-53688,Batwing,48.44,-90.17277778,15-7091-53689,,466.0172729
Blunder,48.42444,-90.26943,15-7020-53669,Blunder,48.42472222,-90.26944444,15-7020-53669,,466.0760803
Kamikau,48.30997,-90.3213,15-6986-53540,Kamikau,48.31027778,-90.32194444,15-6986-53540,,466.8533325
Sandstone,48.23175,-90.24029,15-7053-53459,Sandstone,48.23527778,-90.23555556,15-7053-53459,,467.0529175
Athelstane,48.77457,-90.20796,15-7050-54058,Athelstane,48.77305556,-90.20972222,15-7050-54058,,467.3699951
Sanctuary,48.75436,-90.26735,15-7008-54035,Sanctuary,48.75416667,-90.26777778,15-7008-54035,,468.5690613
Greenwood,48.41068,-90.77609,15-6648-53638,Greenwood,48.40805556,-90.77277778,15-6648-53638,,468.9942322
Horseshoe,49.34622,-91.84931,15-5833-54665,Horseshoe,49.34777778,-91.85333333,15-5833-54665,,470.0307007
North,48.12228,-90.52495,15-6844-53328,North,48.12388889,-90.5225,15-6844-53328,,470.0899048
Ricestalk,49.09563,-90.15218,15-7080-54418,Ricestalk,49.09555556,-90.15055556,15-7080-54418,,470.343689
Home,48.39187,-90.91955,15-6539-53616,Home,48.39111111,-90.92138889,15-6539-53616,,470.4324951
Wawang,49.42645,-90.55214,15-6775-54775,Wawang,49.42638889,-90.55194444,15-6775-54775,,470.7739868
Grouse,48.54321,-90.54489,15-6812-53794,Grouse,48.54333333,-90.54444444,15-6812-53794,,470.9388428
Muskeg,49.01629,-90.04908,15-7156-54333,Muskeg,49.01722222,-90.05166667,15-7156-54334,,471.0444336
Watershed,48.5347,-90.54017,15-6815-53784,Watershed,48.53444444,-90.54111111,15-6815-53784,,471.0720825
Sunbow,48.22431,-90.52344,15-6843-53443,Sunbow,48.22722222,-90.51777778,15-6844-53443,,471.4647827
Pakashkan,49.39128,-90.27892,15-6981-54703,Pakashkan,49.35555556,-90.27166667,15-6981-54703,,471.7022095
Goulais,47.16373,-83.67077,17-2975-52266,Goulais,47.16333333,-83.67222222,17-2975-52266,,471.8991089
Gull,47.22479,-83.63434,17-3006-52333,Gull,47.22472222,-83.63444444,17-3006-52333,,472.1873779
Rudge,48.69703,-90.73502,15-6659-53963,Rudge,48.69972222,-90.74472222,15-6659-53963,,472.5375977
Myrt,48.44354,-90.7278,15-6681-53680,Myrt,48.44472222,-90.72722222,15-6681-53680,,473.8137207
Squeers,48.51628,-90.55746,15-6804-53764,Squeers,48.51666667,-90.55666667,15-6804-53764,,475.0003357
Tinto,48.54084,-90.25014,15-7029-53799,Tinto,48.54111111,-90.25083333,15-7029-53799,,475.4812317
Arrow,48.15855,-90.26498,15-7025-53379,Arrow,48.16416667,-90.27611111,15-7025-53379,,476.8135071
Huronian,48.68758,-90.77235,15-6641-53950,Huronian,48.68833333,-90.77027778,15-6641-53950,,478.204834
Dakota,48.55075,-90.23783,15-7039-53810,Dakota,48.55111111,-90.23638889,15-7039-53810,,481.1622314
Twinhouse,48.3689,-90.85668,15-6587-53594,Twinhouse,48.36944444,-90.85666667,15-6587-53594,,481.8366394
South Branch,47.06961,-83.67101,17-2976-52164,South Branch,47.07194444,-83.66583333,17-2976-52164,,482.6123962
Atik,48.21094,-90.17813,15-7097-53434,Atik,48.21083333,-90.17722222,15-7097-53434,,486.246521
Ward,46.98394,-83.78715,17-2880-52069,Ward,46.98388889,-83.78722222,17-2880-52069,,486.9360962
Ninegee,47.37231,-83.52071,17-3097-52494,Ninegee,47.37222222,-83.52083333,17-3097-52494,,487.5600586
Addie,48.16665,-90.42954,15-6910-53378,Addie,48.16638889,-90.43111111,15-6910-53378,,488.7688293
Saddle,46.95281,-83.78813,17-2880-52035,Saddle,46.95305556,-83.78583333,17-2880-52035,,490.8387451
Hood,48.48629,-90.65282,15-6735-53727,Hood,48.48555556,-90.65222222,15-6735-53727,,491.5945129
Wabindon,48.15543,-90.21026,15-7076-53374,Wabindon,48.1575,-90.20888889,15-7076-53374,,492.3118286
Church,48.52654,-90.56936,15-6795-53776,Church,48.5275,-90.56888889,15-6795-53776,,493.0730896
Crayfish,48.68673,-90.6148,15-6758-53944,Crayfish,48.68027778,-90.61222222,15-6758-53945,,497.6188965
Castle,48.19412,-90.07267,15-7176-53418,Castle,48.19416667,-90.07166667,15-7176-53418,,499.0708008
Cameron,48.16948,-90.0888,15-7164-53390,Cameron,48.16972222,-90.08972222,15-7164-53391,,505.7757568
Sunbeam,48.19223,-90.4631,15-6885-53406,Sunbeam,48.19222222,-90.46361111,15-6885-53406,,508.8782349
Shamattawa,54.18624,-85.68382,16-5856-60025,Shamattawa,54.165,-85.68916667,16-5856-60025,,88.39553833
Wawa,50.31715,-82.14715,17-4169-55743,NA,50.31333333,-82.14444444,17-4185-55739,Match,96.36634827
Spruce,54.33456,-85.01359,16-6292-60223,Spruce,54.33444444,-85.01361111,16-6292-60223,,112.4193268
Echoing,54.52068,-92.24003,15-5492-60415,Echoing,54.52055556,-92.23972222,15-5492-60415,,184.0787506
Hillmer,49.91811,-82.88897,17-3644-55310,Hillmer,49.91777778,-82.88861111,17-3644-55310,,206.0785522
Mowbray,49.92544,-82.20465,17-4135-55308,Mowbray,49.92555556,-82.20555556,17-4135-55308,,212.7623596
Guilfoyle,49.75797,-82.36108,17-4019-55121,Guilfoyle,49.75527778,-82.36138889,17-4019-55121,,213.9999084
Stringer,50.18024,-80.87746,17-5088-55586,Stringer,50.18111111,-80.87694444,17-5088-55586,,232.535141
Lingman,53.85483,-92.85197,15-5089-59670,Lingman,53.85305556,-92.86527778,15-5089-59670,,247.1135712
Natogami,50.20248,-80.54211,17-5325-55608,Natogami,50.20027778,-80.54444444,17-5325-55608,,258.123291
Fernow,49.91841,-86.05307,16-5680-55298,Fernow,49.91833333,-86.05305556,16-5680-55298,,262.0740051
Kesagami,50.32589,-80.24009,17-5547-55801,Kesagami,50.37277778,-80.23027778,17-5547-55801,,262.0993958
Wabinosh,50.08021,-88.98877,16-3576-55491,Wabinosh,50.07916667,-88.99027778,16-3576-55491,,263.5799255
Flynne,49.79314,-85.72027,16-5921-55162,Flynne,49.79305556,-85.72027778,16-5921-55162,,267.3268433
Klotz,49.80202,-85.86278,16-5818-55170,Klotz,49.80194444,-85.86277778,16-5818-55170,,271.2434692
Shacabac,49.96674,-85.92055,16-5774-55353,Shacabac,49.96666667,-85.92055556,16-5774-55353,,280.210144
Peeagwon,52.39063,-88.83429,16-3751-58057,Peeagwon,52.38944444,-88.83472222,16-3752-58057,,283.3219604
Snowshoe,50.07008,-88.89478,16-3646-55478,Snowshoe,50.06916667,-88.89194444,16-3646-55478,,293.1432495
Obonga,49.97411,-89.3113,16-3346-55390,Obonga,49.98277778,-89.30722222,16-3346-55390,,294.3622437
Little Kesagami,49.74674,-80.27486,17-5521-55108,Little Kesagami,49.74916667,-80.27666667,17-5521-55108,,297.9224854
Lawagamau,49.83328,-80.07989,17-5662-55201,Lawagamau,49.83194444,-80.07944444,17-5662-55201,,298.5406494
Castle,50.1269,-88.87219,16-3663-55543,Castle,50.1275,-88.87027778,16-3663-55542,,303.5869751
Weese,51.26148,-88.62762,16-3864-56799,Weese,51.26138889,-88.6275,16-3864-56799,,306.7918091
Elbow,50.1298,-87.7934,16-4433-55531,Elbow,50.12972222,-87.79333333,16-4433-55532,,308.6130981
Cry,49.92643,-89.01587,16-3557-55322,Cry,49.92638889,-89.01111111,16-3556-55322,,309.1506348
Waweig,50.12945,-89.09663,16-3500-55543,Waweig,50.12361111,-89.09888889,16-3500-55543,,309.2393188
Bukemiga,50.11444,-89.2204,16-3411-55531,Bukemiga,50.11083333,-89.22194444,16-3411-55531,,309.4310913
Frank,50.16218,-87.90603,16-4359-55570,Frank,50.16361111,-87.89694444,16-4359-55570,,311.9537964
Cygnet,49.99142,-94.88562,15-3653-55394,Cygnet,49.99361111,-94.87972222,15-3653-55394,,312.2447815
Totogan,52.06298,-89.1905,16-3492-57692,Totogan,52.055,-89.19888889,16-3492-57692,,316.9183044
Crevasse,49.86587,-89.37235,16-3297-55263,Crevasse,49.86722222,-89.37,16-3297-55263,,317.2852783
Lount,50.17089,-94.30746,15-4066-55579,Lount,50.16833333,-94.30833333,15-4066-55580,,318.252533
Tide,50.33775,-93.98355,15-4305-55763,Tide,50.33638889,-93.97722222,15-4305-55763,,319.0280457
Burrows,49.9523,-86.73837,16-5188-55331,Burrows,49.95222222,-86.73833333,16-5188-55331,,320.9938354
North Spirit,52.5156,-92.91514,15-5061-58179,North Spirit,52.51277778,-92.91027778,15-5061-58179,,321.0037231
South Scot,49.93666,-95.05632,15-3523-55336,South Scot,49.93833333,-95.05777778,15-3523-55336,,321.1477661
Fletcher,50.42908,-94.48032,15-3925-55861,Fletcher,50.41916667,-94.51361111,15-3925-55861,,321.9678345
Blindfold,49.67003,-94.25758,15-4100-55022,Blindfold,49.66722222,-94.24722222,15-4100-55022,,322.9962463
Longbow,49.71891,-94.29528,15-4058-55081,Longbow,49.71972222,-94.30722222,15-4058-55081,,324.0090942
Kilbarry,51.11995,-88.82077,16-3721-56638,Kilbarry,51.11361111,-88.8275,16-3721-56638,,324.506073
Pikangikum,51.80217,-93.99622,15-4304-57399,Pikangikum,51.8075,-94.00888889,15-4304-57399,,325.019928
Blueberry,50.15109,-94.74174,15-3755-55568,Blueberry,50.15222222,-94.74305556,15-3755-55568,,325.2791443
Clay,50.04611,-93.48572,15-4653-55440,Clay,50.04916667,-93.48527778,15-4653-55440,,326.9277954
Springwater,50.05944,-86.96565,16-5024-55448,Springwater,50.05722222,-86.96611111,16-5024-55448,,328.0021057
Berry,49.47183,-93.96128,15-4302-54803,Berry,49.47361111,-93.96361111,15-4302-54803,,328.4174194
Delaney,50.09299,-94.048,15-4250-55493,Delaney,50.09305556,-94.04833333,15-4250-55493,,329.094574
Malachi,49.89658,-95.00767,15-3559-55281,Malachi,49.89027778,-95.00611111,15-3559-55281,,329.16922
Dilla,49.82976,-87.5004,16-4636-55195,Dilla,49.82888889,-87.50555556,16-4636-55195,,331.9703369
Shabuskwia,51.25607,-88.99587,16-3601-56788,Shabuskwia,51.24527778,-89.00472222,16-3601-56788,,332.8631287
Bee,50.69288,-95.06074,15-3553-56171,Bee,50.68972222,-95.04888889,15-3553-56171,,334.1163635
Onaman,50.00783,-87.44852,16-4688-55390,Onaman,50.00472222,-87.43583333,16-4688-55390,,335.8447876
Black,49.54106,-94.07975,15-4218-54877,Black,49.53888889,-94.08111111,15-4218-54877,,336.7502136
Snook,50.1919,-94.70272,15-3795-55615,Snook,50.19527778,-94.68861111,15-3795-55615,,337.2579041
Silver,49.87618,-94.17702,15-4153-55253,Silver,49.87638889,-94.17833333,15-4153-55253,,338.1185608
Pickerel,49.79767,-94.8772,15-3654-55172,Pickerel,49.79444444,-94.87083333,15-3654-55172,,341.1485291
Big Canon,50.06847,-93.75888,15-4455-55462,Big Canon,50.06777778,-93.76111111,15-4455-55462,,341.9613342
Bulging,50.94425,-94.94722,15-3634-56451,Bulging,50.94361111,-94.94388889,15-3634-56451,,344.2559509
Pakwash,50.74727,-93.50609,15-4660-56220,Pakwash,50.75055556,-93.48138889,15-4660-56220,,345.1236267
Old Man,50.03672,-94.22218,15-4124-55428,Old Man,50.03277778,-94.2225,15-4124-55428,,345.1817017
Silcox,51.75362,-93.37461,15-4741-57335,Silcox,51.75388889,-93.37555556,15-4741-57335,,347.0648804
Berens,51.75814,-93.71456,15-4525-57350,Berens,51.76611111,-93.68777778,15-4525-57350,,347.6167908
Dryberry,49.54722,-93.85008,15-4395-54864,Dryberry,49.52916667,-93.83666667,15-4394-54864,,348.7652893
Dogtooth,49.69869,-94.15775,15-4148-55077,Dogtooth,49.71777778,-94.18194444,15-4148-55077,,348.9667053
Wabaskang,50.38864,-93.22539,15-4880-55820,Wabaskang,50.39194444,-93.16861111,15-4880-55820,,349.0325317
Conifer,50.5674,-94.03211,15-4270-56011,Conifer,50.55916667,-94.03083333,15-4270-56011,,349.7986145
Oak,50.43811,-93.78729,15-4450-55883,Oak,50.44583333,-93.77472222,15-4450-55883,,349.8160095
Deer,52.63469,-94.20479,15-4198-58335,Deer,52.64777778,-94.185,15-4198-58335,,350.8959351
Anishinabi,50.43988,-93.44327,15-4674-55871,Anishinabi,50.43666667,-93.45972222,15-4673-55871,,352.9926453
Two Island,50.92636,-93.58091,15-4591-56414,Two Island,50.925,-93.58138889,15-4591-56414,,354.180481
Keg,50.99542,-93.68541,15-4520-56490,Keg,50.99222222,-93.68361111,15-4520-56490,,355.0731506
Gullrock,50.96114,-93.64489,15-4567-56470,Gullrock,50.97472222,-93.61666667,15-4567-56470,,355.1297607
Ranger,51.06628,-93.57263,15-4596-56570,Ranger,51.065,-93.57583333,15-4596-56570,,355.1453247
Botsford,50.13856,-91.6591,15-5970-55554,Botsford,50.145,-91.64222222,15-5970-55554,,355.9855347
Pelican,50.1115,-91.96123,15-5737-55520,Pelican,50.11777778,-91.96861111,15-5737-55520,,356.762085
Abram,50.05909,-91.92916,15-5765-55453,Abram,50.05722222,-91.93166667,15-5765-55453,,357.0501099
Wenasaga,50.72869,-93.15031,15-4894-56194,Wenasaga,50.72861111,-93.15,15-4894-56194,,357.1092224
Wabakimi,50.64342,-89.78198,16-3020-56135,Wabakimi,50.64138889,-89.80027778,16-3020-56135,,357.1329346
Richardson,50.16956,-92.06356,15-5670-55575,Richardson,50.16805556,-92.06194444,15-5670-55575,,357.4314575
Minnitaki,49.97183,-91.95802,15-5735-55360,Minnitaki,49.97388889,-91.97527778,15-5735-55360,,357.7634583
Sup,50.30519,-93.55796,15-4602-55724,Sup,50.30388889,-93.55833333,15-4602-55724,,358.0299377
Andy,49.62961,-94.08984,15-4216-54977,Andy,49.62916667,-94.08611111,15-4216-54977,,358.789093
Atikwa,49.49768,-93.53348,15-4602-54790,Atikwa,49.46472222,-93.54861111,15-4603-54790,,358.9510498
Bridge,50.27807,-93.62387,15-4559-55694,Bridge,50.27666667,-93.61944444,15-4559-55694,,359.0414429
Broadcast,50.40992,-92.65663,15-5244-55839,Broadcast,50.40888889,-92.65638889,15-5244-55839,,360.0320129
Perrault,50.29084,-93.13068,15-4900-55708,Perrault,50.29111111,-93.14055556,15-4900-55708,,360.0465698
Stanzhikimi,50.24067,-91.3921,15-6146-55661,Stanzhikimi,50.23833333,-91.39277778,15-6146-55661,,360.0653076
Gullwing,49.91183,-92.60645,15-5293-55287,Gullwing,49.91166667,-92.59138889,15-5293-55287,,361.4284363
Marchington,50.19345,-91.38973,15-6137-55606,Marchington,50.18833333,-91.40666667,15-6137-55606,,361.5463257
Rugby,49.95675,-92.95825,15-5026-55337,Rugby,49.95777778,-92.96333333,15-5026-55337,,361.8409119
Populus,49.50585,-93.59764,15-4557-54838,Populus,49.50694444,-93.6125,15-4557-54838,,361.8631592
Expanse,50.34437,-91.77352,15-5866-55770,Expanse,50.34083333,-91.78333333,15-5866-55770,,361.9063416
Big Vermilion,50.04484,-92.20826,15-5556-55428,Big Vermilion,50.03666667,-92.22305556,15-5556-55428,,362.4375
Longlegged,50.78395,-94.17453,15-4172-56262,Longlegged,50.78388889,-94.17416667,15-4172-56262,,363.066803
Little Vermilion,50.00179,-92.15509,15-5581-55389,Little Vermilion,50.00111111,-92.18888889,15-5581-55389,,363.9819336
Singapore,50.16413,-91.26503,15-6244-55581,Singapore,50.16361111,-91.25833333,15-6244-55580,,364.1628418
Bornite,50.32556,-93.46277,15-4670-55751,Bornite,50.32916667,-93.46333333,15-4670-55751,,364.8504333
Big Sandy,49.82359,-92.36295,15-5463-55189,Big Sandy,49.8225,-92.35611111,15-5463-55189,,366.9997864
Haggart,50.88794,-94.98566,15-3615-56383,Haggart,50.88166667,-94.96944444,15-3615-56383,,367.0218201
Minnehaha,49.52331,-92.64373,15-5257-54855,Minnehaha,49.52388889,-92.64472222,15-5257-54856,,367.528595
Bury,50.43634,-91.3911,15-6143-55885,Bury,50.43916667,-91.39055556,15-6143-55885,,368.0330505
Mamakwash,51.66266,-92.93466,15-5036-57231,Mamakwash,51.66083333,-92.94777778,15-5036-57231,,368.114563
Trap,49.66182,-92.78292,15-5153-55007,Trap,49.66027778,-92.78833333,15-5153-55007,,368.4286499
Little Vermilion,51.26224,-93.83115,15-4414-56807,Little Vermilion,51.27638889,-93.84,15-4414-56807,,368.8821106
Wabigoon,49.73222,-92.72928,15-5203-55093,Wabigoon,49.73805556,-92.71861111,15-5203-55093,,368.9715271
Larson,49.63867,-92.61703,15-5276-54985,Larson,49.64055556,-92.61805556,15-5276-54985,,368.9809875
Dinorwic,49.62051,-92.56305,15-5320-54970,Dinorwic,49.62666667,-92.55694444,15-5320-54970,,369.0550537
Mile,49.68059,-92.78352,15-5159-55030,Mile,49.68138889,-92.77944444,15-5159-55030,,369.3136597
Olsen,49.65495,-92.62777,15-5268-54999,Olsen,49.65277778,-92.62833333,15-5268-54999,,369.7547607
Whitefish,49.78718,-95.03457,15-3532-55170,Whitefish,49.78916667,-95.03944444,15-3532-55170,,369.8756714
Butler,49.67307,-92.6663,15-5246-55025,Butler,49.67611111,-92.65972222,15-5246-55025,,370.5482788
Confusion,50.65108,-94.17888,15-4187-56135,Confusion,50.67,-94.15111111,15-4187-56136,,371.4124756
Cliff,50.16879,-93.29998,15-4785-55574,Cliff,50.17083333,-93.30083333,15-4785-55574,,371.9524536
Red,51.06421,-93.95704,15-4335-56548,Red,51.04277778,-93.94833333,15-4335-56548,,372.5463562
Cross,49.96489,-94.23609,15-4115-55351,Cross,49.96388889,-94.23694444,15-4113-55351,,372.9168701
Thunder,49.77882,-92.66332,15-5241-55137,Thunder,49.77722222,-92.66555556,15-5241-55137,,373.0003052
Bluffy,50.81613,-92.96312,15-5035-56302,Bluffy,50.82583333,-92.95055556,15-5035-56302,,373.1340027
Wapesi,50.54216,-92.33631,15-5464-56006,Wapesi,50.5575,-92.34527778,15-5464-56006,,374.0314941
Whitemud,50.8448,-92.73259,15-5192-56320,Whitemud,50.84166667,-92.72777778,15-5192-56320,,375.1964417
Thaddeus,50.17463,-92.89251,15-5085-55575,Thaddeus,50.17138889,-92.88111111,15-5085-55575,,376.0317993
Miniss,50.82132,-90.87326,15-6523-56318,Miniss,50.82,-90.83833333,15-6523-56318,,377.4318237
Edward,49.9464,-93.55602,15-4606-55329,Edward,49.94916667,-93.54944444,15-4606-55329,,377.6592712
Indian,49.91552,-93.53218,15-4623-55297,Indian,49.92,-93.52583333,15-4622-55297,,377.6747742
Hawk,49.76759,-93.99944,15-4279-55138,Hawk,49.77416667,-94.00111111,15-4279-55138,,378.0948792
Churchill,50.79425,-91.17578,15-6286-56283,Churchill,50.79416667,-91.17555556,15-6286-56283,,378.1784058
Cobble,49.89458,-93.61903,15-4552-55258,Cobble,49.88527778,-93.62388889,15-4552-55258,,378.9390869
Upper Slate,50.99063,-92.52834,15-5331-56487,Upper Slate,50.99055556,-92.52805556,15-5331-56487,,378.9850769
Medcalf,50.92614,-90.55398,15-6720-56440,Medcalf,50.92416667,-90.55277778,15-6720-56440,,379.0448914
Wavell,51.5779,-92.69876,15-5209-57140,Wavell,51.57861111,-92.69777778,15-5209-57140,,379.0634766
Kirkness,51.5321,-93.92675,15-4356-57093,Kirkness,51.53277778,-93.92888889,15-4356-57093,,379.1149902
Onnie,50.93757,-94.26786,15-4109-56434,Onnie,50.9375,-94.2675,15-4109-56434,,379.120697
De Lesseps,50.70008,-90.70631,15-6620-56188,De Lesseps,50.7,-90.70611111,15-6620-56188,,379.1287842
Lac Seul,50.40282,-92.47874,15-5365-55747,Lac Seul,50.325,-92.48694444,15-5365-55747,,379.3659668
Granite,50.46972,-89.76793,16-3040-55939,Granite,50.46666667,-89.76111111,16-3041-55939,,379.402832
Pashkokogan,50.98287,-90.30102,15-6895-56512,Pashkokogan,50.98277778,-90.30083333,15-6895-56512,,379.5517578
McCrea,50.85869,-90.28963,15-6908-56374,McCrea,50.85861111,-90.28944444,15-6908-56374,,379.5745239
Greenbush,50.95093,-90.10466,15-7043-56488,Greenbush,50.95611111,-90.09138889,15-7043-56487,,380.3084106
Minchin,50.76686,-90.54351,15-6733-56270,Minchin,50.77083333,-90.54222222,15-6733-56270,,381.5285339
Carling,50.6223,-91.28022,15-6217-56090,Carling,50.62222222,-91.28,15-6217-56090,,381.5908203
Maggotte,50.10119,-89.46517,16-3237-55525,Maggotte,50.10055556,-89.46527778,16-3237-55525,,381.848999
Whitewater,49.53029,-92.62148,15-5275-54864,Whitewater,49.53194444,-92.62055556,15-5275-54864,,382.1248779
Dowswell,50.62006,-94.71704,15-3786-56088,Dowswell,50.62,-94.71666667,15-3786-56087,,383.0097961
Lake of Bays,49.98409,-91.28781,15-6207-55385,Lake of Bays,49.98888889,-91.31638889,15-6207-55385,,385.5174561
Hammell,51.09368,-94.0448,15-4269-56605,Hammell,51.09361111,-94.04444444,15-4269-56605,,387.0027161
Godson,49.60903,-92.76425,15-5172-54948,Godson,49.60777778,-92.76138889,15-5172-54948,,389.0565796
Nungesser,51.47248,-93.53952,15-4613-57020,Nungesser,51.47,-93.55777778,15-4612-57020,,389.0909424
Kashaweogama,50.42091,-90.74437,15-6603-55876,Kashaweogama,50.42083333,-90.74416667,15-6603-55876,,389.1292419
Amik,49.83026,-91.91356,15-5782-55201,Amik,49.83055556,-91.91222222,15-5782-55201,,390.6121826
Flying Loon,49.84431,-91.57267,15-6038-55223,Flying Loon,49.84583333,-91.55694444,15-6038-55223,,391.5707397
Bawden,49.99869,-91.58399,15-6011-55383,Bawden,49.99055556,-91.58944444,15-6011-55383,,391.9013367
Porcus,49.72464,-93.84386,15-4390-55083,Porcus,49.72583333,-93.84611111,15-4390-55083,,392.0690308
Birch,51.39338,-92.37217,15-5452-56951,Birch,51.40694444,-92.35055556,15-5452-56951,,392.9382019
Tadpole,49.47038,-93.29066,15-4785-54790,Tadpole,49.465,-93.29722222,15-4785-54790,,393.1674805
Press,49.79986,-91.50461,15-6090-55164,Press,49.79222222,-91.485,15-6090-55164,,393.8388672
Trout,51.19868,-93.30949,15-4784-56717,Trout,51.19861111,-93.30916667,15-4784-56717,,394.1853943
Canyon,49.9888,-93.68699,15-4470-55367,Canyon,49.98194444,-93.73916667,15-4470-55367,,394.4116821
Augite,49.8623,-93.71668,15-4487-55234,Augite,49.86305556,-93.71416667,15-4487-55234,,394.8947449
Shrub,49.97099,-93.89782,15-4351-55357,Shrub,49.9725,-93.905,15-4351-55358,,395.216156
Kukukus,49.7724,-91.68396,15-5946-55139,Kukukus,49.77194444,-91.68611111,15-5946-55139,,395.5499268
Big Island,49.95155,-93.97876,15-4298-55335,Big Island,49.95166667,-93.97805556,15-4298-55335,,395.9732056
Penassi,49.95125,-91.19549,15-6300-55346,Penassi,49.95138889,-91.18777778,15-6300-55346,,396.0925903
Tutu,52.07642,-92.46707,15-5365-57696,Tutu,52.0775,-92.46777778,15-5365-57696,,396.10672
Lower Stewart,49.80052,-93.75978,15-4454-55169,Lower Stewart,49.80444444,-93.75861111,15-4454-55170,,396.4220886
Barrel,49.65928,-91.53454,15-6065-55009,Barrel,49.65361111,-91.52416667,15-6065-55009,,396.5190125
Uchi,51.05258,-92.58668,15-5290-56555,Uchi,51.0525,-92.58638889,15-5290-56555,,396.9295349
Savant,50.4823,-90.42741,15-6825-55952,Savant,50.48222222,-90.42722222,15-6825-55952,,397.0134888
Davies,50.14869,-90.97855,15-6444-55569,Davies,50.14861111,-90.97833333,15-6444-55569,,397.3955078
Tom,50.03637,-94.06278,15-4238-55430,Tom,50.03638889,-94.06416667,15-4238-55430,,398.040863
Hartman,49.74941,-92.45084,15-5396-55107,Hartman,49.74972222,-92.45,15-5396-55107,,398.9689941
Fitchie,50.61813,-90.53714,15-6742-56100,Fitchie,50.61805556,-90.53694444,15-6742-56100,,399.4332886
Hamilton,50.86908,-90.43634,15-6795-56370,Hamilton,50.85888889,-90.44916667,15-6795-56370,,400.4042664
Mickle,49.75393,-92.2553,15-5535-55111,Mickle,49.75194444,-92.25666667,15-5536-55111,,401.930542
Hik,50.35053,-91.51247,15-6060-55787,Hik,50.3525,-91.50972222,15-6060-55787,,401.9569702
Arethusa,49.71847,-91.86176,15-5837-55088,Arethusa,49.7275,-91.83888889,15-5837-55088,,402.116272
Whiterock,49.86702,-91.24927,15-6259-55257,Whiterock,49.87222222,-91.24833333,15-6259-55257,,402.5880127
Confederation,51.11521,-92.67556,15-5210-56629,Confederation,51.11888889,-92.69944444,15-5210-56629,,402.8508606
Daniels,49.92424,-93.85166,15-4399-55286,Daniels,49.90861111,-93.83722222,15-4399-55286,,403.1391296
Heathwalt,49.69835,-91.695,15-5948-55051,Heathwalt,49.69333333,-91.68611111,15-5948-55052,,403.2805176
Mold,50.09953,-92.6059,15-5282-55495,Mold,50.09916667,-92.60611111,15-5282-55495,,403.8259888
Otatakan,50.85048,-91.85134,15-5808-56326,Otatakan,50.84138889,-91.85305556,15-5808-56326,,405.7663574
Jeanette,51.0898,-92.13638,15-5605-56599,Jeanette,51.08972222,-92.13611111,15-5605-56599,,406.1643982
Gordon,49.89387,-93.70945,15-4490-55266,Gordon,49.89166667,-93.71,15-4490-55266,,408.0000305
Gibraltar,50.0521,-91.07599,15-6378-55460,Gibraltar,50.0525,-91.07555556,15-6378-55460,,408.0518188
Sassenach,50.45836,-90.23117,15-6959-55928,Sassenach,50.45638889,-90.24055556,15-6959-55928,,408.9316101
Coli,51.31536,-93.59007,15-4589-56848,Coli,51.31527778,-93.58972222,15-4589-56848,,410.0539551
Silver,50.41174,-90.35324,15-6881-55875,Silver,50.41166667,-90.35305556,15-6881-55875,,410.2740784
Redhead,50.25964,-89.95835,16-2890-55711,Redhead,50.25666667,-89.96055556,16-2890-55711,,410.3016968
Smye,50.3698,-90.34435,15-6889-55829,Smye,50.36972222,-90.34416667,15-6889-55829,,410.7176514
Heathcote,50.28283,-90.38144,15-6863-55732,Heathcote,50.28388889,-90.385,15-6863-55733,,411.4114685
Kawaweogama,50.19687,-90.18618,15-7008-55644,Kawaweogama,50.19944444,-90.18583333,15-7008-55644,,411.6009521
Fog,50.22294,-90.43085,15-6832-55663,Fog,50.22222222,-90.43138889,15-6832-55663,,413.579895
Shabu,51.31424,-92.93967,15-5045-56849,Shabu,51.31722222,-92.93472222,15-5046-56849,,413.931427
Mud,49.57403,-91.89103,15-5802-54916,Mud,49.57361111,-91.89138889,15-5802-54916,,416.8149414
Victoria,49.62381,-91.54686,15-6048-54975,Victoria,49.62305556,-91.54888889,15-6048-54975,,418.519104
Seseganaga,50.06571,-90.35308,15-6890-55500,Seseganaga,50.07444444,-90.35861111,15-6890-55500,,420.8218079
Sandison,50.11625,-89.6922,16-3076-55545,Sandison,50.11333333,-89.69111111,16-3076-55545,,423.7903748
Crystal,49.72882,-91.1675,15-6321-55100,Crystal,49.72972222,-91.16722222,15-6321-55100,,423.8129272
Harmon,49.94546,-90.21669,15-6985-55358,Harmon,49.94388889,-90.23388889,15-6985-55358,,426.8841553
Wapikaimaski,50.06193,-90.1059,15-7048-55476,Wapikaimaski,50.04777778,-90.13916667,15-7048-55476,,427.6451416
Bell,49.80966,-90.93897,15-6500-55194,Bell,49.81055556,-90.915,15-6500-55194,,433.6396484
Mattawa,49.69831,-90.97644,15-6457-55062,Mattawa,49.69305556,-90.98,15-6457-55062,,434.3045044
Rude,49.87008,-90.31323,15-6931-55274,Rude,49.87,-90.31305556,15-6931-55274,,435.6340942
Gustauson,49.62257,-91.85843,15-5826-54970,Gustauson,49.62222222,-91.85611111,15-5826-54970,,436.0267944
Sparkling,49.81424,-90.17712,15-7031-55216,Sparkling,49.81416667,-90.17694444,15-7031-55216,,437.3150635
Scruffy,49.84777,-90.35099,15-6908-55246,Scruffy,49.84527778,-90.34611111,15-6908-55246,,437.4009399
Brightsand,49.72309,-90.40666,15-6869-55111,Brightsand,49.72527778,-90.40666667,15-6869-55111,,443.1068115
Metionga,49.72717,-90.47071,15-6824-55113,Metionga,49.72833333,-90.46944444,15-6824-55113,,443.2776489
Empire,49.71999,-90.24726,15-6979-55108,Empire,49.71916667,-90.25444444,15-6979-55108,,446.9154053
Kashishibog,49.80782,-89.97097,16-2863-55212,Kashishibog,49.80722222,-89.97,16-2863-55212,,449.6471252