Cycle,FMZ,Lake Name,waterbodyID,Latitude,Longitude,secchiDepth,COLTR (TCU),pH,cond,alk,Ca,MGUT (mg/L),Na,KKUT (mg/L),CLIDUR (mg/L),SSO4UR (mg/L),SIO3UR (mg/L),FEUT,DIC,DOC,NNHTUR (mg/L),NNOTUR (ug/L),NNTKUR (ug/L),TDP
3,4,Abram L.,15-5765-55453,50.05909,-91.92916,2.5,75.299,7.25,74.4,27.199,10.699,2.25,0.915,0.623,0.426,2.95,1.78,112,7.379,11.1,10,86.7,370,12.85
3,4,Amik L.,15-5782-55201,49.83026,-91.91356,1.8,66.2,7.269,53.6,22.899,6.839,1.98,1.28,0.555,0.23,1.1,1.84,130,4.74,12,42,26,398,16.1
3,4,Arc L.,15-6471-56202,50.71702,-90.90662,3.1,47.299,7.41,49.899,22.199,6.839,1.74,0.585,0.42,0.15,0.8,1.62,50,4.48,8.8,26,20,270,6.3
3,4,Arethusa L.,15-5837-55088,49.71847,-91.86176,2.3,20.8,7.29,45,19.899,5.4,1.34,1.26,0.54,0.18,1.35,1.12,60,4.059,6.2,36,2,283,11.1
3,4,Bawden L.,15-6011-55383,49.99869,-91.58399,2,97.7,7.099,51.299,21.3,6.929,1.84,0.843,0.674,0.201,0.621,1.69,177,5.49,13.4,14.5,103,470,16.25
3,4,Bell L.,15-6500-55194,49.80966,-90.93897,4,16,7.04,44.5,18.8,6.21,0.189,0.781,0.522,0.147,1.449,0.93,30,4.799,5.049,10,44.1,270,6.815
3,4,Berens L.,15-4525-57350,51.75814,-93.71456,1,146,7.04,44.2,20.1,6.41,1.73,0.752,0.719,0.137,0.464,2.21,620,4.5,15,10,44.299,430,40.35
3,4,Bertaud L.,15-6617-56410,50.89944,-90.69978,1.5,64.799,7.23,42.5,18.1,6.08,1.439,0.49,0.41,0.14,0.85,1.34,100,3.72,11.4,32,54,325,6.9
3,4,Big Canon L.,15-4455-55462,50.06847,-93.75888,4,19.699,7.08,45.2,19.3,4.849,1.659,1.129,0.689,0.194,1.86,0.48,49,4.61,6.389,10,30.899,280,9.63
3,4,Big Fox L.,15-4131-55595,50.17355,-94.19317,1.5,75.599,7.299,81.099,31.6,10.1,2.609,2.129,0.951,1.74,2.299,1.139,281,7.83,11.3,10,74.799,430,24.1
3,4,Big Sandy L.,15-5463-55189,49.82359,-92.36295,3.1,16,7.889,143,66.2,19.6,4.36,2.64,1.09,2.27,2.399,1.08,30,15.199,6.299,26,18,282,11
3,4,Big Vermilion L.,15-5556-55428,50.04484,-92.20826,6,14.9,7.62,131,60.5,18.899,3.569,1.449,0.896,0.452,2.23,1.889,30,15.1,4.679,10,28.199,220,11.13
3,4,Birch L.,15-5452-56951,51.39338,-92.37217,3.5,22.399,7.4,57.2,25.8,8.859,1.34,0.59,0.515,0.14,1.2,0.78,30,5.9,7.099,26,2,261,8.199
3,4,Blair L.,15-4919-56922,51.37386,-93.11465,2,107,6.54,22.699,6.639,2.45,0.705,0.712,0.926,0.232,1.04,1.449,402,1.97,12.1,10,62.6,360,16.5
3,4,Botsford L.,15-5970-55554,50.13856,-91.6591,2.5,88,7.25,68.599,29.3,9.98,2.169,0.855,0.617,0.334,2.62,1.76,176,6.58,11.8,10,88.7,420,14.5
3,4,Bury L.,15-6143-55885,50.43634,-91.3911,1.5,65.099,7.519,78.299,36.2,10.8,2.64,0.785,0.67,0.24,1.149,2,70,7.66,10.8,36,48,343,10.199
3,4,Cecil L.,15-6164-54885,49.54021,-91.40065,3.4,6.16,7.509,91.599,36.899,11.199,2.629,2.31,0.7,2.62,2.399,1.399,400,8.039,3.6,26,2,203,10.399
3,4,Clay L.,15-4653-55440,50.04611,-93.48572,0.9,79.599,7.54,116,41.7,12.6,3.08,6.879,1.26,4.839,4.75,1.2,310,9.859,10.699,104,14,499,48.599
3,4,Cliff L.,15-4785-55574,50.16879,-93.29998,3.3,16.8,7.54,80.7,34.299,9.64,2.5,2.45,0.76,2.49,1.649,0.78,20,8.599,6.2,26,2,285,10.199
3,4,Confederation L.,15-5210-56629,51.11521,-92.67556,5.5,19.6,7.11,51.799,21.1,7.87,1.05,0.586,0.549,0.149,1.24,0.44,33,5.549,6.519,10,46.299,280,9.025
3,4,Crystal L.,15-6321-55100,49.72882,-91.1675,1.5,128,7.059,43,16.8,6.799,1.34,0.836,0.518,0.291,0.896,2.08,171,4.2,14.6,12,30,440,11.15
3,4,Delaney L.,15-4250-55493,50.09299,-94.048,5,6.99,6.96,36.799,12.8,3.85,1.189,0.999,0.526,0.423,2.399,0.23,30,3.419,3.399,11.3,5,240,8.769
3,4,Eye L.,15-4642-55404,50.01584,-93.50594,2.3,53.399,7.389,84.7,38.399,8.49,3.899,2.58,1.1,0.238,0.89,3.009,235,9.47,10.8,27.199,109,540,25.05
3,4,Fitchie L.,15-6742-56100,50.61813,-90.53714,1.8,72.2,7.44,60.299,25.5,8.619,1.78,0.81,0.495,0.78,0.75,1.24,130,5.32,11.1,32,8,358,10.3
3,4,Gibraltar L.,15-6378-55460,50.0521,-91.07599,2,95.099,6.969,36.6,14.8,6,0.772,0.536,0.275,0.087,0.796,1.629,128,3.64,12.5,11.4,59.899,410,10.85
3,4,Gooch L.,15-6046-55042,49.69139,-91.55158,1.5,127,6.99,37.7,12.199,4.78,1.429,0.876,0.761,0.262,3,1.69,193,2.6,14.199,30,73.299,530,21.5
3,4,Greenbush L.,15-7043-56488,50.95093,-90.10466,2.1,41.399,7.509,63.6,29.6,9.38,2.009,0.395,0.4,0.16,0.55,0.4,80,5.799,10.4,30,110,366,7.099
3,4,Gullrock L.,15-4567-56470,50.96114,-93.64489,1.7,41.299,7.4,75.299,25.8,9.019,2.169,2.089,0.835,2.259,5.25,1.8,60,5.679,9.8,56,2,370,20.6
3,4,Gustauson L.,15-5826-54970,49.62257,-91.85843,3,17.1,6.809,21.699,6.969,2.279,0.587,0.869,0.379,0.131,1.629,0.69,88,2.129,4.4,10,22.199,260,7
3,4,Hartman L.,15-5396-55107,49.74941,-92.45084,3.5,9.189,7.61,133,36.899,12,2.79,9,0.935,15.1,2.049,0.36,20,8.419,4.9,30,2,354,10.6
3,4,Indian L.,15-5965-54891,49.54834,-91.66632,2.1,24.6,7.339,63.299,22.6,7.059,1.53,2.74,0.595,3.14,1.7,2.919,60,4.82,6,36,4,243,9.599
3,4,Keg L.,15-4520-56490,50.99542,-93.68541,1.4,43.2,7.299,80.599,22.899,9,2.2,2.549,0.935,3,7.65,1.58,80,5.32,9.599,54,28,351,17.799
3,4,Kukukus L.,15-5946-55139,49.7724,-91.68396,3,36.2,7.12,46.899,19.3,5.799,1.54,1.26,0.582,0.203,1.24,1.26,93,5.12,7.139,20.699,51.1,390,14.85
3,4,Little Sandbar L.,15-6059-54782,49.45098,-91.54113,1.5,25.6,7.299,60.899,19.399,6.48,1.35,2.839,0.565,4.179,1.2,3.2,100,4.32,6.2,36,4,260,11.8
3,4,Longlegged L.,15-4172-56262,50.78395,-94.17453,2.3,25.899,7.379,55.799,23.699,6.259,2.149,1.169,0.8,0.26,1.5,0.3,70,5.599,8.5,32,2,349,15.5
3,4,Mameigwess L.,15-5853-54894,49.55072,-91.82545,4,9.33,7.24,58.899,25.899,7.58,1.639,1.35,0.623,0.272,1.98,1.31,30,6.45,2.25,10,5,200,7.15
3,4,Miniss L.,15-6523-56318,50.82132,-90.87326,1.7,59.1,7.32,46.6,20.199,6.36,1.649,0.58,0.455,0.16,0.9,1.7,80,4.259,9.699,36,28,292,7.4
3,4,Minnitaki L.,15-5735-55360,49.97183,-91.95802,2.5,74.4,7.16,52,20,6.629,1.62,1.379,0.622,0.897,1.49,2.73,202,5.019,10,10,111,380,13.199
3,4,Mold L.,15-5282-55495,50.09953,-92.6059,3,59.5,6.759,21.8,7.86,2.12,0.79,0.678,0.524,0.127,0.958,1.99,239,2.419,8.49,10,37.2,270,9.494
3,4,Mud L.,15-5802-54916,49.57403,-91.89103,3,14.5,7.07,35.7,14.9,4.179,1.01,1.09,0.43,0.182,1.409,0.78,51,3.79,3.839,18.5,5.9,320,8.859
3,4,Nungesser L.,15-4613-57020,51.47248,-93.53952,2.2,72.4,7.07,32.899,12.9,4.219,1.01,0.88,0.495,0.17,0.8,2.6,340,3.06,10.4,32,20,324,15.699
3,4,Pakwash L.,15-4660-56220,50.74727,-93.50609,1.5,62.399,7.429,80.7,33.1,10.6,2.48,1.59,1.02,1.159,3.2,1.96,130,7.58,11.3,42,30,427,22.399
3,4,Pashkokogan L.,15-6895-56512,50.98287,-90.30102,1.8,38.399,7.469,58.6,26.3,8.96,1.879,0.625,0.45,0.37,0.65,1.12,80,5.5,8,34,12,279,8.199
3,4,Pelican L.,15-5737-55520,50.1115,-91.96123,4,58.899,7.219,67.599,27.3,8.859,1.96,1.5,0.646,1.159,2.359,2.12,128,6.53,9.25,10,84.5,360,11.949
3,4,Penassi L.,15-6300-55346,49.95125,-91.19549,3,56.6,7.129,47.799,19.699,6.719,1.409,0.823,0.479,0.233,1.07,1.149,79,4.95,9.869,10,42.1,370,11.1
3,4,Pikangikum L.,15-4304-57399,51.80217,-93.99622,0.5,151,7.08,47.6,20.399,6.87,1.76,0.708,0.685,0.124,0.451,2.1,692,4.83,14.6,14.8,45.7,440,41.549
3,4,Premier L.,15-5213-56724,51.20424,-92.69474,5.5,40.2,7.019,50.1,16.3,7.12,1.04,0.636,0.577,0.146,4.75,0.7,54,4.16,7.469,12.6,46,320,9.185
3,4,Press L.,15-6090-55164,49.79986,-91.50461,1.8,97.2,6.969,38,14.1,4.86,1.23,1.379,0.616,0.934,1.07,3.23,324,3.45,11.3,10,87.799,370,14.199
3,4,Red L.,15-4335-56548,51.06421,-93.95704,2.8,44.5,7.29,57.299,23.399,7.639,1.95,1.429,0.725,1.03,1.899,1.76,70,5.179,9.5,42,56,337,20.199
3,4,Savant L.,15-6825-55952,50.4823,-90.42741,3,20.699,7.259,43.799,19.399,6.44,1.05,0.46,0.41,0.15,1.1,0.66,20,4.099,6.299,24,8,229,6.5
3,4,Selwyn L.,15-6531-54804,49.45958,-90.89168,1.7,76.299,7.07,30.699,12,3.48,0.958,1.03,0.575,0.35,0.9,4.08,390,2.62,9,36,20,269,9.4
3,4,Seseganaga L.,15-6890-55500,50.06571,-90.35308,2.1,41.2,7.049,27.5,10.699,3.18,0.966,0.745,0.405,0.17,0.95,2.439,80,2.359,7.2,22,22,262,6.5
3,4,Shabu L.,15-5045-56849,51.31424,-92.93967,3,52.799,6.969,34.6,13.3,4.58,0.992,0.661,0.474,0.179,0.894,0.98,126,3.5,9.009,10,34.1,340,10.949
3,4,Silcox L.,15-4741-57335,51.75362,-93.37461,1.5,75.9,7.12,56,24.6,7.49,1.96,0.981,0.733,0.152,0.663,2.14,403,6.19,10.3,16.699,113,390,34.25
3,4,Silver L.,15-6881-55875,50.41174,-90.35324,1.8,69.4,7.219,41.5,17.199,7.2,0.76,0.395,0.27,0.12,0.9,1.34,70,3.62,11.9,26,1,361,6.699
3,4,Singapore L.,15-6244-55581,50.16413,-91.26503,4,73.299,7.07,47.2,16.899,6.58,1.35,0.788,0.443,0.28,3.009,1.429,130,4.099,10.3,10,58.7,340,10.15
3,4,Smye L.,15-6889-55829,50.3698,-90.34435,1.6,83.799,6.809,20.699,6.33,2.459,0.714,0.5,0.35,0.13,0.55,1.94,180,1.48,11.9,22,26,293,6.099
3,4,Sowden L.,15-6304-54898,49.54735,-91.20672,1.7,85.099,7.099,35.899,14.199,4.28,1.08,1.159,0.545,0.62,1.05,3.779,400,2.859,10.1,30,68,302,9.9
3,4,Sturgeon L.,15-6600-55380,49.92729,-90.89686,4.7,17.3,7.36,83.9,25.6,11.5,1.84,0.86,0.5,0.34,12,1.139,10,5.2,5.7,18,30,218,6
3,4,Sup L.,15-4602-55724,50.30519,-93.55796,2,31.699,7.419,88.9,41.299,11.199,3.299,1.23,0.852,0.222,1.07,0.87,77,9.96,8.38,29.199,6.5,430,19.899
3,4,Thaddeus L.,15-5085-55575,50.17463,-92.89251,3.5,11.3,7.91,163.5,81.9,24.199,5.379,1.53,1.08,0.31,1.3,0.76,90,19.199,5.599,34,6,297,12.1
3,4,Tide L.,15-4305-55763,50.33775,-93.98355,1.5,71.799,7.32,78.5,31.5,10.4,2.56,1.35,0.862,0.877,2.2,1.52,194,7.639,12,10,77.099,430,19.449
3,4,Tom L.,15-4238-55430,50.03637,-94.06278,3,19.399,6.75,21.8,6.23,2.25,0.624,0.678,0.27,0.234,1.639,1.389,58,1.81,7.559,10,21.3,270,6.719
3,4,Towers L.,15-6233-55269,49.88748,-91.2871,2,68.799,7.259,70.799,31.8,10.4,1.879,1,0.675,0.229,1.29,2.89,75,7.83,11.199,10,51.5,410,14.05
3,4,Umfreville L.,15-3754-55732,50.32297,-94.83832,1.8,42.2,7.62,83.7,34.899,11,2.52,2.459,0.725,1.429,2.549,0.46,110,7.9,8.8,24,4,309,16
3,4,Unnamed L. (FMZ04_01),15-5752-55022,49.66803,-91.95766,2,48.7,6.769,21.1,6.36,2.27,0.629,0.941,0.298,0.151,1.179,1.83,150,1.96,7.799,15.8,50.5,350,11.8
3,4,Victoria L.,15-6048-54975,49.62381,-91.54686,4,25.1,7.19,45.799,19.8,6.059,1.35,1.03,0.505,0.235,1.79,1.3,32,4.78,6.03,10,37.899,260,8.529
3,4,Wabaskang L.,15-4880-55820,50.38864,-93.22539,2.8,18.699,7.669,117,55.2,15.4,3.94,2.14,0.895,1.72,1.25,0.84,60,12.8,7.4,46,2,366,18.699
3,4,Wapesi L.,15-5464-56006,50.54216,-92.33631,1.1,120,7.37,63.5,27.899,9.539,2.169,0.785,0.655,0.17,0.9,2.439,260,6.36,15.4,66,14,467,23.2
3,4,Wavell L.,15-5209-57140,51.5779,-92.69876,2,134,6.32,18.6,5.179,2.22,0.642,0.569,0.466,0.091,0.454,1.98,690,1.47,14.4,10,70.7,390,16.199
3,4,Whitemud L.,15-5192-56320,50.8448,-92.73259,1,174,6.66,26.899,924,3.94,1.03,0.516,0.511,0.101,0.449,2.04,381,2.14,18.899,14.3,63,500,16.899
3,4,Wintering L.,15-6217-55096,49.72761,-91.31415,1.5,67.2,7.219,60.5,24.3,8.369,2.009,1.29,0.516,1.159,0.825,1.649,160,6.16,11.6,39.7,26.1,530,20.949
3,4,Woman L.,15-5179-56721,51.20095,-92.75446,4,33,7.259,77.9,33.899,11.8,1.8,0.722,0.586,0.23,2.94,1.389,47,8.33,7.7,10,59.2,310,10.9
3,5,Cross L.,15-4115-55351,49.96489,-94.23609,3.5,33.5,6.73,20.3,6.129,1.98,0.69,0.695,0.411,0.164,1.189,1.07,127,1.679,7.419,10,5,320,7.714
3,5,Daniels L.,15-4399-55286,49.92424,-93.85166,6.5,7.98,6.799,22.6,7.089,2.18,0.651,0.536,0.414,0.255,2.35,0.29,30,2,3.859,10,44.1,200,4.344
3,5,Dinorwic L.,15-5320-54970,49.62051,-92.56305,2,104,7.23,66.4,24.8,9.109,1.679,2.379,0.675,2.52,1.25,2.31,402,6.139,11.699,11.1,57.899,420,18.05
3,5,Dore L.,15-5124-54968,49.61582,-92.83074,3,37.799,7.23,63.2,22.3,7.61,1.659,2.43,0.867,2.649,1.25,0.88,75,5.669,9.75,13.6,5,470,15.65
3,5,Eagle L.,15-4950-55030,49.66881,-93.27879,3,19.899,7.129,53.5,19.5,5.889,1.77,2.009,0.717,1.47,1.47,0.63,59,5.21,7,11.4,41.799,380,13.85
3,5,Edward L.,15-4606-55329,49.9464,-93.55602,2,40,7.21,45.1,18.699,5.549,1.5,1.01,0.593,0.372,1.11,1.08,274,4.66,8.5,35.7,23.699,460,26.05
3,5,Godson L.,15-5172-54948,49.60903,-92.76425,1.5,82.599,7.139,67,19.699,8.019,1.179,3.669,0.778,5.269,1.12,2.589,251,4.87,12.9,29.3,61.899,550,20
3,5,Lawrence L.,15-4729-54570,49.27504,-93.36566,4,31,6.919,29.6,9.429,3.21,0.929,1.11,0.596,0.344,1.53,1.27,67,2.48,8.24,10,98.599,340,6.695
3,5,Lower Manitou L.,15-5023-54567,49.27811,-92.94807,7,12.4,7.28,67.599,27.1,10.3,1.169,1.389,0.489,1.11,2.169,1.139,30,6.86,5.059,10,47.2,250,6.644
3,5,"of the Woods, L.",15-3726-54565,49.32857,-94.50117,1.3,53.799,7.19,105,41.299,11.3,4.15,3.109,1.3,2.74,5.099,2.08,200,9.82,9.599,36,128,443,31.399
3,5,"of the Woods, L.",15-3726-54565,49.32857,-94.50117,2,31.6,7.28,117.5,50.5,13.3,4.7,2.6,0.9,2.279,3.95,2.12,30,12,10.3,30,78,578,22
3,5,"of the Woods, L.",15-3726-54565,49.32857,-94.50117,3.5,27.399,7.169,106,46,12.199,4.25,2.359,0.82,1.94,3.5,1.84,20,10.8,9.199,20,74,460,19.1
3,5,Old Man L.,15-4124-55428,50.03672,-94.22218,3.5,18.899,6.879,26,8.109,2.62,0.797,0.821,0.45,0.347,1.55,0.62,68,2.29,6.37,10,41.799,280,8.394
3,5,Plum L.,15-4127-55299,49.90988,-94.21523,2,73.299,6.5,17.3,4.349,1.72,0.562,0.58,0.418,0.154,0.984,1.55,255,1.169,11,10,33.399,370,10.8
3,5,Rainy L.,15-4877-53939,48.72662,-93.13074,1.3,50.1,6.94,51.399,19.399,6.4,1.919,1.629,0.575,1.58,2.1,2.12,130,4.32,9.4,54,14,476,32
3,5,Rugby L.,15-5026-55337,49.95675,-92.95825,1,111,7.21,60.799,27.199,8.019,2.24,1.04,0.759,0.22,0.958,2.5,375,6.62,11.3,26.1,62.899,430,26.75
3,5,Shrub L.,15-4351-55357,49.97099,-93.89782,3,33.399,6.73,19.8,5.53,1.95,0.615,0.526,0.403,0.162,1.47,0.93,84,1.74,6.929,10,45.5,280,7.86
3,5,Stormy L.,15-5503-54708,49.39447,-92.34669,5,12,7.349,74.799,31.3,12.3,1.04,0.98,0.57,0.488,2.37,1.61,30,8.05,4.599,10,11.9,270,8.615
3,5,Thunder L.,15-5241-55137,49.77882,-92.66332,4,29.199,7.469,110,42.2,13.9,2.91,3.5,0.981,4.54,2.359,1.87,72,10.6,6.4,10,36.7,310,12.699
3,5,Upper Manitou L.,15-5149-54725,49.40161,-92.77724,6,6.919,7.389,81.299,33.5,12.6,1.62,1.35,0.617,0.735,2.529,1.159,30,8.71,3.91,10,15.9,240,6.7
3,5,Vista L.,15-4943-54343,49.06245,-93.08016,4.5,16.899,7.28,60.1,24.199,9.769,0.901,0.795,0.458,0.415,2.48,1.09,30,6.089,5.219,10,44,290,7.98
3,5,Wabigoon L.,15-5203-55093,49.73222,-92.72928,1,80.4,7.36,95.099,34.799,12.5,2.49,3.72,0.867,4.44,1.58,2.009,476,8.919,9.47,11.199,86.599,410,24.199
3,5,Wapageisi L.,15-5472-54633,49.32443,-92.35219,5.5,13.4,7.11,41.5,17.199,6.54,0.623,0.641,0.406,0.168,1.86,1.09,31,4.36,4.9,10,34.6,260,7.86
3,6,Arnott L.,16-3577-54402,49.09594,-88.95538,1.9,52.7,7.589,118.5,49,15.4,4.219,1.97,0.69,1.04,7.7,4.839,90,10.199,10,62,4,368,16.199
3,6,Arrow L.,15-7025-53379,48.15855,-90.26498,6.6,6.28,6.919,60.7,22.5,7.019,2.23,1.3,0.51,0.58,4.599,3.919,10,5.679,3,24,42,182,4.9
3,6,Athelstane L.,15-7050-54058,48.77457,-90.20796,4,24.8,6.98,48.2,20,5.639,1.98,0.98,0.7,0.25,1.95,3.58,60,4.82,6.799,20,32,288,9.5
3,6,Atik L.,15-7097-53434,48.21094,-90.17813,3.7,39.299,6.74,36.2,12,4,1.36,1.05,0.255,0.18,2.5,3.68,80,3.14,8.8,14,198,337,8.3
3,6,Batwing L.,15-7091-53688,48.44209,-90.17355,2.5,65.299,6.79,33.5,12.6,3.68,1.429,0.875,0.4,0.38,1.5,2.2,180,3,11.3,22,40,394,8.9
3,6,Beatty L.,16-4566-55070,49.71792,-87.60467,3.7,8.47,7.769,189,98.099,31.5,4.4,0.58,0.3,0.17,0.7,2.2,40,23.6,4.299,20,80,289,13.4
3,6,Bedivere L.,15-6578-54141,48.86818,-90.84937,1.7,65.5,6.759,30.6,11.3,3.7,1.03,0.85,0.365,0.21,1.25,3.6,310,2.74,10.3,20,50,399,16.399
3,6,Black Sturgeon L.,16-3634-54687,49.35824,-88.87211,4.5,43.2,7.24,133,39.6,11.199,3.58,10.1,0.58,13.199,2.299,3.72,60,9.38,9.099,6,180,300,4.9
3,6,Blunder L.,15-7020-53669,48.42444,-90.26943,1.6,119,6.769,32.7,12.199,4.059,1.29,0.845,0.29,0.45,0.8,3.299,690,2.799,13.4,16,4,501,20.6
3,6,Burchell L.,15-6747-53842,48.58834,-90.62706,5,15.1,7.009,101,25.199,12.1,1.98,3.47,0.675,5.059,12.3,2.839,20,6,5.2,8,142,187,2.899
3,6,Castle L.,16-3663-55543,50.1269,-88.87219,3.4,16.1,7.23,75.799,33.799,10.8,2.24,1.169,0.485,0.38,1.7,1.679,30,8.22,5.2,18,2,249,10.199
3,6,Circle L.,16-3534-54692,49.35977,-89.01858,2,56.6,7.16,72.099,32.1,8.779,2.529,2.439,0.43,0.95,1.149,4.339,190,7.66,10,24,72,421,18.1
3,6,Cry L.,16-3557-55322,49.92643,-89.01587,9.8,1.07,7,69.799,29.3,8.779,2.04,1.32,0.495,0.4,3.1,1.78,0,6.86,2.1,8,16,163,5.4
3,6,"des Mille Lacs, La.",15-6827-54135,48.87653,-90.51282,1.5,97.599,6.95,49.299,17.6,5.62,1.75,1.85,0.51,2.149,0.85,2.14,480,4.139,13.6,58,10,531,39.899
3,6,Disraeli L.,16-3551-54440,49.13422,-88.982,5.2,25,7.679,164,76.299,21.3,6.7,1.5,0.88,0.69,5.25,5.5,30,16.399,7.2,34,34,268,16.5
3,6,Dog L.,16-3132-54041,48.77812,-89.51281,3.2,76,7.059,62.799,25.3,7.7,2.48,1.22,0.64,0.73,1.85,3.819,150,6.08,11.8,10,220,336,7.099
3,6,Eileen L.,16-3589-54402,49.1049,-88.94168,2.5,61.399,7.57,130,46.399,17.1,4.259,2.319,0.57,2.049,12.199,4.639,80,10.1,10.3,46,8,350,14.9
3,6,Elbow L.,16-4433-55531,50.1298,-87.7934,2,98.099,7.129,97.4,46.7,14.699,3.21,0.46,0.46,0.33,0.6,1.94,100,11.199,15.699,12,60,452,14.699
3,6,Empire L.,15-6979-55108,49.71999,-90.24726,2,55.1,6.82,30.1,12.1,3.54,1.01,0.85,0.565,0.25,0.85,2.319,230,3.02,8.199,24,62,418,11.5
3,6,Fallingsnow L.,16-2930-53355,48.14185,-89.7849,5.8,6.99,6.839,40.399,13.199,4.059,1.49,0.975,0.615,0.25,4.25,2.08,20,3.56,3,20,40,152,6
3,6,Frazer L.,16-3884-54562,49.24882,-88.52882,3.7,22.1,7.219,75.599,35.2,9.779,2.54,1.61,0.405,1.02,1.35,3.12,80,8.24,6.099,16,26,321,10.9
3,6,Greenwater L.,15-6904-53837,48.57454,-90.42999,6.8,12.8,7.009,62.6,27.199,8.74,1.659,0.84,0.495,0.19,2.799,2.319,10,6.599,4.5,10,40,214,5.5
3,6,Greenwich L.,16-3638-54070,48.80501,-88.85841,2.5,54.899,6.71,27,8.529,2.859,1.189,0.615,0.295,0.24,1.55,2.52,80,2.14,8.699,8,206,280,5.5
3,6,Grouse L.,15-6812-53794,48.54321,-90.54489,5,8.349,6.849,44.6,16.899,5.719,1.24,0.755,0.44,0.27,3.1,0.84,10,4.379,4,14,28,250,7.799
3,6,Holinshead L.,16-3069-55034,49.65403,-89.68153,1.6,83.2,6.9,37.2,15.199,5.16,1.47,0.87,0.535,0.19,0.85,3.22,410,3.56,11.3,20,88,361,12.8
3,6,Holly L.,15-7111-54802,49.43642,-90.08177,2.5,33.5,6.83,28.199,11.1,3.24,1.05,0.71,0.34,0.19,1,2.16,80,2.779,6.599,42,4,308,8.5
3,6,Huronian L.,15-6641-53950,48.68758,-90.77235,4.6,13,6.509,50.1,5.41,2,0.692,5.78,0.42,9.08,1.649,0.6,40,1.7,4.099,16,10,250,6
3,6,Icarus L.,15-6814-53436,48.22011,-90.57186,3.6,20.3,6.83,39.6,13.8,4.639,1.389,0.92,0.415,0.63,1.85,1.439,50,3.6,7,20,64,319,9.8
3,6,Jolly L.,16-3207-54488,49.16785,-89.45932,1.8,67.4,7.08,62.1,28.199,9.199,1.87,0.835,0.38,0.26,1.35,3.819,160,6.54,10.5,16,84,438,14.8
3,6,Kamikau L.,15-6986-53540,48.30997,-90.3213,3.1,23.399,6.69,25.5,8.419,2.54,0.908,0.84,0.3,0.39,1.35,1.399,130,2.419,6.299,22,52,299,5.599
3,6,Kashabowie L.,15-6913-53983,48.71886,-90.39423,2.7,43.399,6.94,43.1,17.899,5.04,1.75,0.935,0.605,0.2,1.75,3.439,140,4.2,7.9,28,34,325,11
3,6,Kearns L.,15-7163-54881,49.50753,-90.01676,2.1,52.5,6.94,48.1,21.3,6.36,1.679,0.88,0.645,0.17,1.2,3.279,160,5.16,8.4,30,36,333,13.6
3,6,Lost L.,16-4080-53975,48.72577,-88.25103,2.2,57.6,7.019,60.899,25.199,6.96,2.71,1.57,0.235,1.169,1.6,2.439,170,5.9,10.3,16,84,368,10.4
3,6,Maggotte L.,16-3237-55525,50.10119,-89.46517,1.9,93.299,6.559,22.399,7.719,2.66,0.862,0.87,0.445,0.21,0.8,3.02,500,1.94,11.199,14,102,339,11.199
3,6,Mowe L.,15-6672-53552,48.33174,-90.74281,3.4,23.699,6.839,41.5,15.9,5.58,1.22,0.85,0.36,0.19,2.35,1.36,40,3.94,7,16,36,293,10.699
3,6,Muskrat L.,16-3593-54568,49.25292,-88.94318,1.5,71.099,7.15,73.4,31.1,7.44,2.64,3.49,0.46,2.189,1,5.4,490,7.28,10.4,44,46,591,41.399
3,6,Northern Light L.,15-6723-53466,48.24446,-90.6759,1.9,68.7,6.75,34.2,11.3,4.12,1.36,0.94,0.325,0.42,1.399,2.779,200,2.94,11,12,114,374,13.199
3,6,Obonga L.,16-3346-55390,49.97411,-89.3113,3.2,45,7.009,52,22.3,7.219,1.75,0.83,0.525,0.27,1.149,3.359,120,4.82,7.799,10,112,247,6.2
3,6,Pakashkan L.,15-6981-54703,49.39128,-90.27892,2.7,40.5,7.11,60.899,28.3,7.879,2.029,1.04,0.8,0.15,1.2,4.679,220,6.78,5.9,36,64,253,9.5
3,6,Purdom L.,16-3964-54451,49.15261,-88.4217,2.1,64.2,7.04,53.1,23.199,6.74,2.16,0.885,0.47,0.36,1.649,2.839,120,5.419,10.1,16,76,382,12.5
3,6,Randolph L.,16-3610-55699,50.27741,-88.96094,3.4,34,7,84.2,35.2,11.699,2.459,2.12,1.09,2.12,1.6,4.44,140,8.5,4.799,12,86,165,7.099
3,6,Rudge L.,15-6659-53963,48.69703,-90.73502,4.2,10.9,6.58,37.2,6.809,2.12,0.732,3.24,0.395,4.839,1.649,0.76,30,1.96,3.899,8,2,237,6.599
3,6,Sandstone L.,15-7053-53459,48.23175,-90.24029,3.2,24.199,7.139,84.099,33.799,11.5,2.339,1.28,0.39,2.2,3.049,3.799,50,8.259,6.599,16,68,263,7.299
3,6,Sparkling L.,15-7031-55216,49.81424,-90.17712,1.7,59.5,6.65,22.6,8.269,2.5,0.788,0.695,0.375,0.21,0.8,2.54,320,2.08,8.699,16,74,281,8.4
3,6,Stetham L.,15-6708-53937,48.67442,-90.68295,3.6,24.6,6.66,24.399,8.82,2.54,0.838,0.665,0.445,0.22,1.6,1.12,80,2.419,6.5,22,46,264,6.9
3,6,Tilly L.,15-6508-53878,48.62935,-90.9475,4,28.899,6.509,33.1,5.96,1.84,0.75,2.75,0.39,3.879,1.6,1.26,70,1.58,6.9,6,56,253,5
3,6,Tinto L.,15-7029-53799,48.54084,-90.25014,4.8,18.6,6.929,55.399,25.1,8.46,1.09,0.64,0.315,0.15,1.899,2.12,30,6,6.099,16,4,324,9.4
3,6,Titmarsh L.,15-6832-53585,48.35538,-90.52995,4.6,26.699,6.79,33.299,12.5,3.66,1.24,0.81,0.33,0.22,1.7,2.14,60,3.259,6.5,6,96,228,4.7
3,6,Unknown L.,16-3744-54268,48.98106,-88.72206,7,5.679,6.849,39.899,16,4.459,1.679,0.63,0.28,0.19,2.45,0.28,20,,3.5,14,10,215,4.799
3,6,Upper Shebandowan L.,15-6867-53877,48.63351,-90.44608,2.4,25.5,7.07,57.5,22.8,7.419,1.56,1.3,0.485,1.07,2.1,2.56,80,5.599,5.9,22,4,282,7.799
3,6,Walotka L.,16-3483-54344,49.04481,-89.07437,3,23.6,6.849,35.5,12.8,3.94,1.459,0.595,0.28,0.16,2.149,2,30,3.24,6.099,12,104,225,4.4
3,6,Waweig L.,16-3500-55543,50.12945,-89.09663,4.2,17,6.99,55.899,23.699,7.08,1.76,1.29,0.7,0.79,1.2,3.04,20,5.419,4.799,4,70,186,6.099
3,6,Weewullee L.,16-4332-55499,50.09338,-87.9311,4.3,8.419,7.849,231,120,41.899,7.07,0.66,0.69,0.15,0.45,2.6,40,28.5,4.2,64,146,280,7.5
3,6,Whitefish L.,16-2773-53446,48.22119,-90.00085,2.6,14.6,7.4,123,55.299,16.3,3.779,1.83,0.585,2.35,2.799,3.04,230,13.6,3.7,40,4,319,11.8
3,7,Big Duck L.,16-4802-54273,49.00063,-87.27033,1.5,42.399,6.95,32.6,9.89,4.61,0.736,0.575,0.286,0.126,2.87,1.54,35,2.33,6.799,18.899,119,310,7.589
3,7,Bittern L.,17-3334-53694,48.45849,-83.25316,2.5,17.6,8.089,204,129,31.3,5.559,0.828,1.02,0.194,1.22,2.71,30,24.899,4.679,11.5,5,260,8.359
3,7,Cameron L.,16-6991-54320,49.0175,-84.27477,3.8,30.6,7.799,143,68.5,20.3,5.28,0.598,0.452,0.175,1.53,1.669,37,16.3,7.86,23.5,5,420,11.55
3,7,Catlonite L.,16-4995-54471,49.17841,-87.00698,1.8,97.4,7.15,51.399,19.5,7.33,1.899,0.68,0.55,0.483,1.459,1.97,92,4.37,13.5,25.1,79.5,440,8.57
3,7,Como L.,17-3120-53099,47.91648,-83.5157,3.3,16,7.24,61.899,26.399,8.529,1.86,0.645,0.497,0.189,1.71,1.49,30,6.33,5.19,14.8,5.299,340,8.539
3,7,Dog L.,16-7139-53538,48.30313,-84.11602,2.5,32.2,7.57,76.599,33.399,11,2.419,0.714,0.402,0.187,2.2,1.72,30,7.759,6.82,13.4,5,330,5.66
3,7,Ellen L.,16-6192-53335,48.14412,-85.38996,2.6,69.2,6.9,23.5,8.369,3.439,0.638,0.464,0.122,0.106,1.33,1.37,46,1.74,8.939,16.6,87.4,300,4.03
3,7,Goldie L.,17-2842-53251,48.04481,-83.89544,2.8,29.699,6.889,25.199,8.789,3.08,0.721,0.695,0.208,0.204,1.439,1.57,53,2.089,6.299,12.5,40.1,300,4.014
3,7,Haken L.,16-6683-54413,49.10397,-84.69439,2,36.299,8.109,242,114,35.7,7.94,3.629,0.598,5.219,0.912,1.87,30,27.1,8.839,29.3,5.4,400,8.435
3,7,Hiawatha L.,16-6439-54864,49.51536,-85.0119,2,58.5,7.87,135,65.2,22,4.41,0.441,0.453,0.125,0.672,1.36,34,15.3,10.699,13.6,5,420,5.394
3,7,Kagiano L.,16-5412-54570,49.28717,-86.43241,3.5,62.299,7.809,125,58.299,19.199,4.219,0.595,0.767,0.164,1.409,1.77,49,13.8,10.699,16.1,30.899,430,6.179
3,7,Kenogamisis L.,16-5087-55041,49.70602,-86.85844,1,45.6,7.769,172.5,80.099,27,5.139,1.76,0.595,2.31,2.399,2.279,50,18.8,11.199,40,6,441,15.1
3,7,Kwinkwaga L.,16-6225-54072,48.80786,-85.33219,2.4,47.799,7.91,150,72.7,23.6,5.009,0.69,0.43,0.176,1.24,1.78,33,17.399,9.029,13.1,5,400,6.589
3,7,Manitowik L.,16-6953-53376,48.16368,-84.37354,2.6,27.3,7.339,77.9,32.2,12,2.129,1.05,0.435,0.404,3.23,1.8,30,7.65,6.2,27,67.599,310,8.845
3,7,Missinaibi L.,17-3006-53592,48.35674,-83.69128,2.5,36.799,7.32,66.2,27.899,9.169,2.14,0.854,0.337,0.186,1.97,2.049,30,6.5,7.25,10.8,176,230,4.415
3,7,Nagagami L.,16-6420-54760,49.42202,-85.0419,3,53.1,7.98,163,80.799,25.699,5.69,0.565,0.501,0.164,0.937,1.75,33,18.8,10,16.8,9.9,430,6.03
3,7,Nagagamisis L.,16-6697-54829,49.47731,-84.65717,2.8,30.3,8.109,223,109,34.299,7.53,1.5,0.759,1.679,1.8,2.129,30,26,7.019,11.1,5.099,330,7.884
3,7,Nameigos L.,16-6678-54040,48.78398,-84.70585,1,76,7.74,124,54.2,17.899,4.07,2.04,0.469,2.629,0.875,1.81,137,12.699,11,16.199,5.9,480,9.574
3,7,One Island L.,16-6114-53657,48.43618,-85.49414,2.3,63.399,7.089,30.1,10.199,4.12,1.03,0.637,0.169,0.118,1.34,2.14,51,2.52,9.189,13.199,19.699,350,4.15
3,7,"Placid, L.",16-6583-54325,49.02703,-84.83384,,12.199,8.199,209,107,32.2,7.179,0.913,0.562,0.192,1.449,1.35,31,25.399,4.33,27.699,5,280,11.8
3,7,Prairie Bee L.,17-2830-53096,47.9122,-83.90502,2.1,38.5,7.19,56.299,18.399,6.71,1.35,2.169,0.333,2.69,1.73,2.319,78,4.509,5.889,12.3,49.2,260,5.184
3,7,Shekak L.,16-6398-54390,49.09008,-85.08496,2.3,33.1,8.019,167,82.799,25.6,6.099,0.592,0.392,0.18,0.719,1.5,30,19.6,8.97,14.1,5.799,460,7.344
3,7,South Greenhill L.,17-2866-53707,48.45508,-83.88685,2.7,97.4,6.929,29.5,10.8,4.04,1.11,0.621,0.244,0.134,1.26,2,92,2.24,12.699,17.699,5,470,7.65
3,7,Strickland L.,16-6497-54012,48.74758,-84.96384,2.5,30.8,7.33,52.799,22.199,7.37,1.81,0.593,0.319,0.115,1.23,0.97,30,5.219,7.549,20,51,340,3.904
3,7,West Kabenung L.,16-6450-53469,48.2603,-85.04903,1.8,46.5,7.21,66.9,17.5,6.4,1.399,4.519,0.293,6.549,1.879,0.98,48,3.819,8.24,14,31.5,360,3.71
3,7,White L.,16-6003-54025,48.78835,-85.61725,1.6,56.6,7.86,148,71.5,22.699,5.309,0.825,0.412,0.347,1.169,1.79,43,16.899,10.3,14.3,15.199,430,7.144
3,7,Whitefish L.,16-6898-53236,48.00938,-84.47039,2.3,47.7,7.11,52.2,19.399,7.19,1.419,1.169,0.387,0.74,2.169,2.129,53,4.849,7.53,23.6,77.599,330,7.375
3,7,Windermere L.,17-2934-53143,47.94905,-83.77195,2.1,50.399,7.259,48.399,19.399,6.7,1.26,1.34,0.345,1.31,1.6,2.5,70,4.459,7.299,24,40,262,6.699
3,7,Woodosgoon L.,17-2837-53860,48.5914,-83.9328,,63.2,7.94,160,79.299,25.899,5.339,0.526,0.497,0.184,0.718,1.629,50,18.699,11.1,17.399,19.1,460,7.37
3,8,"Abitibi, L.",17-5851-53899,48.65805,-79.84475,0.4,178,7.33,77.9,28.5,9.509,2.5,2.359,1.2,2.299,2.04,1.86,1040,6.71,11,34.5,324,480,41.899
3,8,Borden L.,17-3280-52990,47.82327,-83.29694,5.5,11.3,7.719,115,50.299,16.8,2.79,1.5,0.871,1.53,1.96,1.139,30,11.9,4.15,11.9,15.5,260,6.535
3,8,Carty L.,17-3736-53361,48.16538,-82.70049,1.8,61.7,7.269,95.5,43,14.4,3.6,1.459,0.32,1.37,1.5,1.98,50,9.5,11.8,16,2,452,10.699
3,8,Clarice L.,17-6090-53547,48.33931,-79.53425,2.3,22.1,7.089,42,16.399,5.37,1.2,0.77,0.233,0.128,2.339,1.01,37,3.93,4.91,10.3,7.4,230,6.245
3,8,Cree L.,17-3714-52934,47.77507,-82.70472,4,13.4,7.75,114,54,16.199,3.99,0.703,0.342,0.148,1.37,0.79,30,12.6,6.23,32.5,8.9,460,11.75
3,8,Currie L.,17-5172-53366,48.1846,-80.76878,2,58.5,7.03,34.6,12.699,4.519,1.179,0.742,0.197,0.153,1.85,1.84,47,2.87,8.57,14.199,81.799,290,6.674
3,8,Dumbell L.,17-4935-53022,47.87667,-81.08547,2.8,43.899,7.389,61.799,27.199,7,3.009,0.63,0.185,0.33,2.649,1.379,40,6.459,7.5,30,4,301,11.8
3,8,Duncan L.,17-5026-52889,47.76275,-80.95455,2.4,50.899,7.219,46.2,19,6.139,1.55,0.83,0.195,0.12,2.7,2.72,60,4.7,7.299,30,30,262,10.1
3,8,Fortune L.,17-4339-53837,48.6048,-81.89708,3,9.72,6.98,29,12.4,3.819,0.853,0.291,0.18,0.127,1.35,0.1,30,2.81,4.299,12.9,6.5,270,2.69
3,8,Frederick House L.,17-5046-53895,48.66063,-80.93786,0.5,173,7.349,119,37.5,15.3,3.95,2.589,0.717,2.62,12.3,1.53,654,8.369,15.699,27.899,145,520,30.35
3,8,Hanson L.,17-3804-53044,47.87806,-82.59691,1.5,34.899,7.53,94.799,43.399,14.4,2.54,0.862,0.302,0.257,2.129,1.94,30,9.89,7.79,19.5,40.2,320,6.309
3,8,Hardiman L.,17-4140-53137,47.97112,-82.14951,1.8,22.3,7.21,56,24.3,7.87,1.669,0.564,0.328,0.139,1.69,0.64,30,5.71,6.4,24.3,12.6,380,10.305
3,8,Horwood L.,17-4010-53144,47.96766,-82.32184,2.8,66.4,7.169,72.4,33.1,11.8,2.41,0.78,0.395,0.25,1.85,2.12,110,7.4,9.4,20,54,374,9.5
3,8,Ivanhoe L.,17-3788-53266,48.08286,-82.62678,3,52.299,7.419,109,51.799,17.5,3.89,1.29,0.715,0.88,1.8,2.279,60,11.4,8.8,18,26,369,9.3
3,8,Kapuskasing L.,17-3563-53717,48.4837,-82.94457,1.3,97.2,7.389,80.5,41.5,11.3,2.74,1.34,0.562,1.33,1.649,1.76,186,7.629,14.199,20.899,22.6,480,15.199
3,8,Katagi L.,17-4271-53064,47.90867,-81.96916,1.3,95.9,6.929,30.899,10.3,4.08,1.12,0.699,0.225,0.141,1.419,2.569,99,2.359,13.3,16.5,36.299,390,9.875
3,8,Kenogamissi L.,17-4591-53367,48.24057,-81.52985,3.6,83.2,7.23,52.2,19.899,6.98,1.639,1.28,0.275,0.96,2.149,2.62,100,4.94,10.199,32,42,340,11.1
3,8,Larder L.,17-6010-53265,48.08541,-79.64223,3,25.1,7.08,103,32.899,11.9,3.509,3.919,0.585,4.469,8.05,1.919,70,8.019,5.099,8,136,294,9.4
3,8,Lower Minnipuka L.,17-2953-54198,48.8965,-83.79523,1.3,92.5,7.799,153,75,23.899,5.86,0.548,0.321,0.104,1.189,1.32,82,17.8,14.6,20.1,8.3,540,7.57
3,8,Makami L.,17-4372-52874,47.73095,-81.84357,2.2,71.299,7.12,43.7,15.699,5.559,1.32,1.12,0.26,0.82,2.2,2.48,80,3.899,9.3,26,42,290,8.8
3,8,Mesomikenda L.,17-4340-52773,47.64812,-81.87872,1.3,66.5,7.16,48.7,18.1,6.45,1.5,1.07,0.291,0.681,2.08,2.31,85,4.19,9.669,15,60.1,330,10.185
3,8,Mistinikon L.,17-5196-53085,47.96607,-80.73921,2.8,68.4,7.19,50.6,20.3,7.519,1.58,0.81,0.18,0.22,2.6,2.279,80,5.139,9,32,8,318,10.3
3,8,Muskasenda L.,17-4773-53267,48.09035,-81.30665,1.8,53.5,7.36,106,50,17.899,3.56,0.84,0.355,0.19,2.549,2.319,50,10.5,8.5,20,28,370,8.4
3,8,Nemegosenda L.,17-3426-53189,48.0062,-83.11013,2.5,45.299,7.74,139,61.399,20.3,3.99,2.1,1.09,2.04,2.509,2.629,42,14.4,7.86,11.5,137,410,6.669
3,8,Opeepeesway L.,17-4061-52742,47.62743,-82.23317,3.4,91.4,7.11,41.799,16.699,6.2,1.379,0.61,0.3,0.19,1.85,2.279,100,4.019,11.8,24,14,372,11.5
3,8,Radisson L.,17-5180-53389,48.21258,-80.75526,4.1,27.399,7.049,59.299,24.3,8.74,1.8,0.83,0.23,0.17,2.75,1.76,20,5.379,5.4,6,82,230,4.5
3,8,Raven L.,17-6079-53230,48.05196,-79.55023,2.8,50.399,6.969,38.899,11.1,3.919,1.24,1.59,0.324,1.23,2.81,2.14,143,2.669,7.48,14,138,270,9.9
3,8,Rice L.,17-4148-52820,47.70129,-82.1231,2.1,54.799,6.889,35.2,14.1,5.299,1.34,0.69,0.275,0.2,1.449,1.74,100,3.279,8.9,18,4,388,15.199
3,8,Rollo L.,17-3767-53044,47.88286,-82.64873,3.2,30.5,7.349,96.4,45.799,16.3,2.879,0.87,0.32,0.27,2.35,2.12,20,10.199,7.2,14,50,312,6.9
3,8,Round L.,17-5717-53183,48.01448,-80.0419,1.7,46.1,7.19,129,41,14.9,3.459,6.62,0.95,8.259,7.5,1.919,110,9.099,8,58,128,435,22.3
3,8,Shillington L.,17-5265-52901,47.76767,-80.64678,2.3,51.7,7.269,61,23.899,7.889,1.899,1.28,0.31,0.585,2.79,3.049,73,5.679,6.9,19.1,17.1,300,8.869
3,8,St. Anthony L.,17-5962-53128,47.96541,-79.71119,3.1,22.6,6.929,45.1,17.6,6.16,1.7,0.81,0.35,0.14,2.899,0.36,40,4.12,6,6,2,311,7.9
3,8,Sweetwater L.,17-3844-53694,48.46914,-82.56376,2.3,14.6,7.599,82.099,46.7,11.1,2.779,0.62,0.368,0.17,0.604,0.14,30,9.189,4.69,15.1,5,320,8.589
3,8,Trollope L.,17-5969-53816,48.58201,-79.6858,3,16.899,7.059,37.1,14.699,5.299,0.745,0.56,0.145,0.127,2.049,0.86,30,3.47,4.809,10,6.7,210,6.25
3,8,Watabeag L.,17-5314-53425,48.24705,-80.55577,2,38.1,7.639,111,50.6,16.8,3.12,0.882,0.319,0.154,2.06,2.18,66,12.3,6.11,31.3,14.4,310,13.15
3,10,Achigan L.,16-7134-51997,46.91679,-84.19601,3,26.8,6.57,18.199,3.85,1.87,0.412,0.601,0.258,0.21,1.79,2.2,52,1.25,3.72,10,321,180,6.11
3,10,Adelaide L.,16-7046-52151,47.05965,-84.31112,4,15.199,6.759,23.899,7.049,3.339,0.403,0.505,0.191,0.138,1.929,1.669,33,2.16,2.5,12.6,264,150,6.775
3,10,Agnew L.,17-4414-51336,46.36526,-81.75464,2,61.1,6.7,31.5,7.49,3.52,0.884,1.33,0.395,1.149,3.149,2.72,170,1.919,7.799,20,58,286,9.099
3,10,Anjigami L.,16-6809-53004,47.851,-84.58297,1.9,55.799,6.94,22.899,7.549,2.74,0.62,0.65,0.255,0.12,1.7,2.359,70,1.899,7.2,24,88,249,6.8
3,10,Astonish L.,17-3582-51582,46.56531,-82.85482,4,21.399,7.04,40.5,14.9,6.44,0.568,0.75,0.255,0.15,2.6,2.04,40,3.58,4.5,20,84,179,4.4
3,10,Bark L.,17-3874-51976,46.91066,-82.46795,2.3,30.899,6.889,32,10.5,3.73,1.06,0.98,0.334,0.175,2.93,2.6,127,2.669,4.57,17.1,79.7,230,7.94
3,10,Basswood L.,17-3164-51328,46.33314,-83.39658,6,2.879,6.559,34.5,5.759,3.299,0.856,1.53,0.285,1.59,5.25,0.18,10,1.72,1.3,6,222,91,4.599
3,10,Beak L.,17-3370-52303,47.21363,-83.14591,3.5,35.299,6.82,28.5,10.4,3.96,0.782,0.775,0.22,0.15,1.95,2.66,60,2.52,5.599,16,18,234,6.2
3,10,Big Moon L.,17-3557-51418,46.41782,-82.87769,4.3,12.4,6.66,22.699,5.839,2.68,0.504,0.69,0.23,0.22,3.25,1.459,30,1.459,3.1,12,56,168,3.6
3,10,Boumage L.,17-3914-51928,46.87978,-82.42729,2.3,30.899,6.389,15.5,3.35,1.26,0.421,0.749,0.2,0.144,2.459,2.02,111,0.854,5.009,10,45.2,200,5.235
3,10,Bright L.,17-3228-51260,46.26885,-83.30474,2.3,19.899,6.929,65.2,17.1,6.559,1.82,3.189,0.685,4.91,4.5,0.9,60,4.139,3.899,34,16,276,10.3
3,10,Chiblow L.,17-3423-51340,46.3472,-83.05073,4.3,7.96,6.62,24,5.73,2.6,0.642,0.785,0.24,0.27,3.45,1.34,10,1.58,3.2,10,74,188,3.5
3,10,Chiniguchi L.,17-5240-51985,46.93198,-80.68185,6.1,5.37,6.16,19.699,1.12,1.459,0.458,0.59,0.24,0.19,5.25,1.04,20,0.86,1.8,22,20,136,3
3,10,Chrysler L.,17-4919-52573,47.47118,-81.10758,5.8,3.7,7.589,105,46.799,15.3,2.72,0.873,0.255,0.154,3.879,1.47,30,11.1,1.919,10,5.799,180,7.565
3,10,Deschamp L.,17-3903-51589,46.57699,-82.43105,1.8,42.899,6.49,15.9,3.319,1.659,0.389,0.568,0.231,0.152,1.86,1.47,94,1.139,5.769,14.699,47.899,250,8.074
3,10,Dick L.,16-7004-52204,47.10866,-84.358,2.8,31.199,6.86,25.899,8.97,3.94,0.374,0.445,0.18,0.11,1.75,1.72,90,2.2,5.099,24,124,183,5.799
3,10,Duval L.,17-3432-51760,46.72117,-83.05211,1.5,30.899,6.82,25,8.119,3.359,0.642,0.644,0.156,0.214,1.98,1.79,139,2.259,4.74,10.1,56.2,240,5.735
3,10,Fairbank L.,17-4672-51457,46.46577,-81.42763,6.5,6.879,7.08,61.299,15.9,6.49,1.459,1.379,0.381,1.8,7.57,1.75,30,4.12,1.76,30,100,156.94,6.245
3,10,Gamitagama L.,16-6678-52804,47.65757,-84.76551,6.2,10.1,6.73,15.199,4.23,1.659,0.312,0.455,0.15,0.1,1.75,0.98,20,1.32,2.7,20,44,171,4.299
3,10,Garden L.,17-2933-51822,46.76463,-83.70654,3,57.6,6.83,28.399,8.47,3.52,0.826,0.735,0.26,0.28,2.6,2.72,150,2.04,7.799,22,110,240,6.2
3,10,Gavor L.,16-7267-52208,47.10214,-84.01306,2.2,40.799,7,38.1,14.9,6.589,0.472,0.412,0.166,0.134,1.409,1.389,92,3.89,6.019,23.8,106,260,6.49
3,10,Gong L.,17-3074-52158,47.07006,-83.53602,2.3,45.6,6.719,23,6.469,2.799,0.611,0.618,0.183,0.143,2.08,2.33,91,1.899,6.419,17.3,80.2,250,8.384
3,10,Griffin L.,16-6971-52177,47.08604,-84.40354,4.5,13.699,6.83,23.199,6.759,2.96,0.388,0.5,0.19,0.13,2.1,1.919,20,1.639,3.299,22,240,102,4.099
3,10,Hanes L.,17-2809-52215,47.11457,-83.88482,2.3,63.7,6.69,23.199,7.9,3.359,0.618,0.62,0.24,0.16,1.7,2.319,130,1.72,8.9,10,72,300,5.9
3,10,Hanes L.,17-2809-52215,47.11457,-83.88482,1.5,64.599,6.679,22,6.559,3.04,0.55,0.53,0.206,0.175,1.62,2.06,127,1.74,8.439,19.1,76.099,320,7.469
3,10,Helen L.,17-4925-52070,47.01777,-81.0952,2.5,40.399,6.389,17.6,2.96,1.449,0.547,0.754,0.267,0.167,2.919,1.56,198,1,5.389,10,52.299,240,6.705
3,10,Indian L.,17-4145-52197,47.12966,-82.1271,2.5,34.399,6.669,25.199,6.639,2.759,0.864,0.735,0.26,0.2,3.2,1.8,80,1.8,6.2,16,16,261,6.7
3,10,Joe L.,17-4991-51755,46.73708,-81.01196,3.9,7.49,6.629,26.399,4.07,2.22,0.608,0.96,0.36,0.93,5.099,0.56,40,1.34,1.7,28,2,145,5.599
3,10,Kalaco L.,17-4702-52245,47.17792,-81.39287,3,49.2,6.78,28.8,7.559,3.359,0.946,0.885,0.223,0.216,3.319,1.909,64,2.089,7.07,15.699,58.1,280,7.98
3,10,Kirkpatrick L.,17-3400-51692,46.65714,-83.09401,3.5,12.4,6.83,24.899,7.429,3.06,0.628,0.66,0.155,0.24,2.75,1.879,20,1.98,3.299,24,70,148,4.2
3,10,Kukagami L.,17-5344-51754,46.73335,-80.55126,5.5,8.099,6.69,29.899,5.019,2.779,0.735,0.758,0.251,0.689,5.879,0.33,30,1.429,2.629,30,110,163.685,6.059
3,10,Kwagama L.,16-6823-52566,47.44016,-84.58345,9.2,8.699,6.629,13.5,3.129,1.22,0.284,0.525,0.18,0.12,1.8,1.379,30,1.04,2.6,36,90,170,3.5
3,10,Lauzon L.,17-3592-51192,46.21199,-82.82266,7.9,5.54,6.809,30.5,6.49,3.18,0.826,1.03,0.295,0.8,4.549,0.88,10,1.72,2.299,20,132,122,3.799
3,10,Little Chiblow L.,17-3360-51357,46.357,-83.13157,4.3,9.21,6.66,24.399,5.91,2.58,0.652,0.815,0.295,0.36,3.6,0.96,20,1.6,3.299,14,30,207,4.4
3,10,Little Dossier L.,16-6714-52922,47.76202,-84.71272,4.2,16.5,6.919,37.799,14.8,4.4,1.01,0.84,0.395,0.17,1.95,1.8,10,,4.299,10,4,220,3.899
3,10,Little Wawa L.,17-2884-53030,47.84731,-83.82821,3.8,16,7.049,67.2,27.1,9.699,1.62,1.669,0.585,1.76,1.55,1.659,120,6.82,3.5,16,76,237,6.599
3,10,Mamainse L.,16-6811-52113,47.03048,-84.61844,4.5,10.3,6.469,18,4.12,2.14,0.338,0.595,0.255,0.22,2.2,1.52,30,1.36,2.5,46,204,196,4.9
3,10,"Manitou, L.",17-4235-50696,45.77755,-81.98346,6.5,7.429,8.099,267,119,32.5,15,0.962,0.784,2.96,12.4,1.459,30,28,3.14,30,90,218.12,8.275
3,10,Matinenda L.,17-3525-51387,46.37703,-82.95394,4.5,10.3,6.589,22.699,5.419,2.5,0.628,0.835,0.235,0.25,3.149,1.58,20,1.48,3.1,8,78,166,3.2
3,10,Megisan L.,17-3090-52347,47.24629,-83.52106,1.8,55.799,6.95,34.2,12.8,4.66,1.09,0.68,0.202,0.134,1.98,2.21,73,3.06,8.38,13.199,82,280,6.945
3,10,Mijinemungshing L.,16-6718-52845,47.69125,-84.70487,3.3,37,6.44,17,4.169,2.339,0.386,0.52,0.2,0.11,1.55,1.52,70,1.3,5.4,10,134,266,5.099
3,10,Mozhabong L.,17-4175-51987,46.95159,-82.08518,4.5,11,6.639,21,4.86,2.009,0.676,0.766,0.217,0.184,3.18,1.11,33,1.429,3.259,10,18.1,180,4.61
3,10,Nelson L.,17-4928-51746,46.72762,-81.09533,6,5.99,6.53,22.8,3.459,1.879,0.554,0.68,0.33,0.23,5.299,0.72,20,1.159,2,26,22,122,4
3,10,Okiniada L.,17-5179-52567,47.46489,-80.76159,4.3,19.3,6.129,15.9,2.08,1.24,0.41,0.7,0.2,0.15,3,2.399,30,0.98,4,12,20,186,4.4
3,10,Old Woman L.,16-6710-52766,47.62155,-84.72187,4.4,22.199,6.54,14.1,3.109,1.5,0.274,0.46,0.16,0.12,1.6,1.639,50,1.04,4.099,22,148,171,5.099
3,10,Onaping L.,17-4620-52125,47.13886,-81.52075,3.5,74.5,6.639,34.399,6.019,2.94,0.905,2.609,0.303,2.94,2.609,2.439,247,1.679,9.31,14.5,78.799,340,9.824
3,10,"Panache, L.",17-4743-51217,46.23782,-81.35711,3.5,18,6.799,67.799,11.5,5.24,1.629,4.36,0.65,6.19,7.599,1.32,20,2.799,4.2,16,16,234,4.799
3,10,Penelope L.,17-3091-51898,46.83672,-83.50296,4.1,10.699,7.23,61.5,24.8,7.54,2.169,1.05,0.345,0.195,3.14,3.14,30,6.459,2.72,11.6,25.199,190,7.769
3,10,Pogamasing L.,17-4364-52017,46.96784,-81.83568,4.3,15.9,6.73,24.5,5.98,2.49,0.73,0.969,0.253,0.205,3.25,1.81,42,1.72,3.879,11.6,22.899,210,5.875
3,10,Popeye L.,17-3813-51443,46.44422,-82.54487,3.5,22.8,6.769,27.1,6.459,3.24,0.492,0.98,0.18,1.169,2.6,1.419,50,1.659,4.2,22,70,180,4.599
3,10,Quirke L.,17-3810-51468,46.48519,-82.55613,7,7.32,6.599,104,7.07,14.5,1.21,1.919,1.169,2.399,19.899,1.28,20,1.94,2.799,6,286,121,2.1
3,10,Ranger L.,17-3053-51969,46.90502,-83.56707,8.3,11.8,6.719,29.6,8.099,3.54,0.924,0.685,0.21,0.47,3.299,1.52,20,2.319,3.799,4,72,147,2.899
3,10,Rawhide L.,17-3764-51679,46.65506,-82.61487,4.8,4.82,6.83,30.3,7.23,3.299,0.988,0.761,0.314,0.265,4.66,0.57,30,2.23,1.929,10,5,140,4.07
3,10,Rawson L.,17-5330-51961,46.92006,-80.56675,5,19.699,6.41,19,2.629,1.77,0.34,0.561,0.17,0.219,3.62,1.06,58,0.977,4.259,30,90,200.069,5.985
3,10,Rock L.,17-2870-51459,46.43338,-83.77218,1,51.799,7.07,44.6,16.1,5.36,1.6,1.33,0.495,0.718,2.399,2.759,270,3.93,5.15,10.5,238,230,12.8
3,10,Rossmere L.,17-3631-51330,46.33895,-82.77877,2.8,37.7,6.7,23.1,5.339,2.339,0.616,0.895,0.3,0.29,2.799,2.12,80,1.26,5.9,28,166,232,7
3,10,Saddle L.,17-2880-52035,46.95281,-83.78813,3.3,30,6.509,20.1,5.12,2.52,0.504,0.6,0.31,0.17,2.1,1.52,50,1.5,6.4,24,92,273,4.5
3,10,Sand L.,16-6855-52885,47.72534,-84.52605,2.4,76.299,6.459,15.3,3.25,1.62,0.394,0.62,0.16,0.1,1.449,2.319,110,1.02,9,24,48,294,8.3
3,10,Saymo L.,17-3086-52062,46.98215,-83.51746,5.8,17.1,6.86,25.1,8.13,2.94,0.687,0.624,0.168,0.15,2.23,1.81,36,2.21,4.129,10,58.7,190,5.974
3,10,Shelden L.,17-3014-51622,46.58666,-83.59021,3.9,17.399,6.86,28.199,8.009,3.259,0.654,0.775,0.275,0.22,2.899,1.96,40,1.94,4,14,298,155,3.799
3,10,Sill L.,16-7100-51834,46.77338,-84.24994,4.1,10.1,6.929,26.699,8.75,3.439,0.548,0.56,0.255,0.16,2,0.68,20,2.12,3.2,24,180,175,5.099
3,10,South Branch L.,17-2976-52164,47.06961,-83.67101,1.8,56.799,6.57,19.3,4.759,2.27,0.508,0.557,0.167,0.151,1.87,1.82,105,1.459,7.08,31.5,82.299,300,7.969
3,10,Spinweb L.,17-3943-51700,46.67548,-82.38285,3.5,14.5,6.66,26.8,7,3.24,0.614,0.785,0.34,0.18,3.5,1.879,30,1.919,3.6,14,100,221,4.9
3,10,Teasdale L.,17-3849-51482,46.4795,-82.49876,4.6,4.62,7.32,55.799,20.6,9.4,0.699,0.576,0.233,0.189,4.9,0.42,30,5.08,1.55,10.699,11.9,160,9.695
3,10,Ten Mile L.,17-3629-51531,46.51978,-82.78766,8.1,4.48,6.759,23.8,5.559,3.21,0.391,0.539,0.182,0.246,3.399,0.21,30,1.82,1.96,10,40.5,130,2.865
3,10,Venetian L.,17-4810-51976,46.93902,-81.25157,4,26.5,6.629,21.3,4.49,2.02,0.649,0.786,0.272,0.184,3.33,1.629,90,1.419,4.45,20.699,22,260,6.894
3,10,Vermilion L.,17-4700-51520,46.51845,-81.4009,1.5,47,6.91,76.5,11.199,7.4,1.28,2.77,0.737,4.41,13.1,2.629,190,2.71,5.799,40,120,300.199,10.75
3,10,Wabagishik L.,17-4549-51263,46.29283,-81.58644,1.5,48.299,7.03,135,15.1,11.699,2.12,7.059,1.05,10.6,24,2.43,191,3.819,6.019,70,210,351.595,13.9
3,10,Wakami L.,17-3606-52610,47.48206,-82.84313,3.1,12,7.339,63.7,25.699,8.179,1.919,0.927,0.363,0.215,3.18,1.73,30,6.19,3.569,10.9,5.2,240,8.775
3,10,Wakomata L.,17-3191-51595,46.57189,-83.36057,6.3,5.429,6.7,30,7.78,3.439,0.762,0.845,0.24,0.53,3.85,1.5,10,2.12,2.399,2,102,152,2.899
3,10,Wanapitei L.,17-5191-51772,46.71176,-80.7164,5,31.5,7.089,56,17.3,6.65,1.57,1.06,0.327,0.716,4.889,2.509,38,4.379,5.339,30,310,345.514,7.174
3,10,Weckstrom L.,16-7186-51904,46.82679,-84.15028,4.7,9.91,6.669,26.8,8.439,3.22,0.672,0.82,0.495,0.3,2.35,2.5,10,2.419,2.399,12,120,143,17.899
3,10,Whiskey L.,17-3974-51436,46.43411,-82.34418,3.5,10.4,6.82,83.099,7.45,9.919,1,1.649,0.83,1.669,22.699,1.28,10,2.14,2.399,16,216,141,4.8
3,10,Windy L.,17-4664-51605,46.59835,-81.44559,4.5,14.199,6.58,64,3.96,2.339,0.768,6.36,0.379,11.1,4.759,2.24,30,1.28,2.98,20,140,254.979,5.82
3,11,Aileen L.,17-5748-51919,46.87867,-80.01783,3.7,17.8,6.78,40.1,12.6,4.78,1.58,0.695,0.19,0.17,3.85,1.659,20,3.379,4.7,8,42,213,4.7
3,11,Anima Nipissing L.,17-5827-52344,47.25951,-79.90616,8,9.679,6.65,30.6,8.47,3.459,1,0.64,0.19,0.2,4.5,0.94,10,2.22,3.1,6,36,183,3.6
3,11,Anvil L.,17-5552-52523,47.42262,-80.26691,3.4,28.6,6.33,24.199,1.95,1.84,0.628,0.665,0.825,0.41,5.349,2,100,0.96,4.299,24,98,149,6.599
3,11,Bay L.,17-5880-52436,47.34738,-79.83923,1.8,59,7.139,44.299,16.199,5.82,1.389,0.895,0.285,0.41,3.2,2.359,110,,7.599,26,60,250,8.9
3,11,Bear L.,17-5577-51311,46.3314,-80.25596,1,86.9,7.08,89.9,34.2,10.6,4.24,3,1.04,3.089,2.399,1.48,490,8.48,10.3,52,2,562,38.899
3,11,Cadden L.,17-5879-50852,45.9228,-79.86579,1.5,69.799,6.419,50.7,4.08,2.1,0.57,6.009,0.48,9.07,1.449,1.8,300,1.3,8.099,16,38,393,11.3
3,11,Caribou L.,17-5718-50868,45.93283,-80.07311,4,29.399,6.75,49.6,5.679,2.439,0.789,4.389,0.457,6.91,3.009,1.449,61,1.56,5.12,30,190,327.94,7.799
3,11,Cassels L.,17-5970-52137,47.06939,-79.71594,2.5,29.399,6.96,71.299,21.3,8.06,2.149,2.45,0.285,2.759,6.099,1.919,20,5.299,5.299,12,74,235,5.599
3,11,Clear L.,17-5942-51055,46.09839,-79.78115,1.9,51.1,6.57,38,5.919,2.66,0.78,2.91,0.555,4.089,2.399,2.16,200,1.72,6.5,24,98,320,9.3
3,11,Commanda L.,17-6007-50961,46.01084,-79.70668,1.8,62,6.559,34.5,4.849,2.279,0.544,3.24,0.43,4.139,2.2,1.459,230,1.6,7.599,34,24,303,12.6
3,11,Cross L.,17-5788-51912,46.8721,-79.96696,6,11.5,6.74,48,12.5,6.04,1.84,0.975,0.285,0.53,7.349,0.98,10,3.08,3.1,6,64,183,4.599
3,11,Deer L.,17-5601-51477,46.48181,-80.21786,3,62.799,6.91,49.299,17.3,6.36,2.149,1.129,0.685,1.169,2.549,2,220,4.96,8,34,30,400,16.1
3,11,Diamond L.,17-5580-52276,47.20455,-80.24759,3.9,18.5,6.469,22.6,4.29,2.439,0.73,0.74,0.27,0.17,3.85,1.48,50,1.419,3.7,6,36,201,4.9
3,11,Driftwood L.,17-5852-52035,46.98242,-79.87887,2.5,54.1,6.96,51.5,19.699,7.12,1.77,0.625,0.215,0.15,2.799,1.899,50,4.379,7.799,26,4,344,9.599
3,11,Emerald L.,17-5515-51958,46.9159,-80.32312,7,5.129,6.66,53.399,9.869,6.62,1.419,0.765,0.28,0.8,11.1,1.08,0,2.419,2,4,28,147,2.6
3,11,Florence L.,17-5335-52315,47.2431,-80.55819,5.1,7.379,5.669,15.25,0.814,0.9,0.324,0.525,0.19,0.16,4.2,1.48,30,0.72,2.2,26,24,114,3
3,11,Gull L.,17-5618-51964,46.92203,-80.18504,8.6,7.429,6.849,29.899,7.629,3.22,0.814,0.58,0.18,0.19,4.799,0.84,10,2.24,2.5,20,44,123,4.099
3,11,Hangstone L.,17-5845-51854,46.81988,-79.88986,2.8,41.7,6.889,44.399,16.1,5.36,1.73,0.86,0.26,0.58,2.899,1.84,50,3.62,6.799,22,52,287,8.5
3,11,Kittson L.,17-5787-52433,47.33973,-79.95931,2.1,42.399,6.65,33.2,9.669,3.96,1.06,0.87,0.23,0.19,4.2,2.439,70,2.48,6.2,20,22,284,7.9
3,11,Kokoko L.,17-5733-52151,47.08895,-80.03639,4.1,20.699,6.9,49.5,17.699,6.719,1.57,0.665,0.195,0.2,4.2,1.679,10,4.04,4.799,12,56,216,5.9
3,11,Lady Evelyn L.,17-5608-52396,47.35053,-80.14644,4,23.699,6.53,23.5,5.089,2.58,0.798,0.755,0.275,0.14,3.7,1.96,50,1.54,4.2,8,44,196,4.4
3,11,Makobe L.,17-5430-52549,47.4477,-80.43034,2.8,20.699,6.25,17.3,2.629,1.52,0.494,0.61,0.225,0.11,3.2,1.1,50,0.96,4,12,24,204,4.599
3,11,Manitou L.,17-5548-51889,46.85356,-80.28079,7,7.459,6.94,40.2,11.1,4.53,1.03,0.74,0.261,0.772,4.96,2.41,30,3,2.169,30,130,140.884,6.445
3,11,Marten L.,17-5953-51723,46.70317,-79.73057,2,66.599,6.809,35.5,7.5,3.459,0.924,1.84,0.305,2.31,2.6,1.679,100,2.259,8.699,28,62,262,8.099
3,11,McConnell L.,17-6268-51774,46.73979,-79.33974,4.6,4.49,7.129,38.899,14.9,4.82,1.09,0.675,0.585,0.19,3.25,0.34,10,3.879,1.6,26,2,161,6.599
3,11,McLean L.,17-5778-52271,47.19445,-79.97194,6.1,10.3,6.849,30,8.359,3.299,0.896,0.6,0.17,0.15,4.099,1.139,20,2.48,3.5,18,42,152,3.9
3,11,Mercer L.,17-5565-51124,46.16368,-80.24789,1.9,71.5,6.759,37.1,11.699,3.759,1.48,1.32,0.585,1.37,1.85,1.52,220,2.779,9.099,24,2,398,16.8
3,11,Mountain L.,17-5885-52314,47.23078,-79.83215,3.9,24.699,7.009,41.2,14.3,5.879,1.05,0.625,0.19,0.15,4.049,1.679,30,3.72,4.9,24,56,168,5.9
3,11,Muskosung L.,17-5732-51489,46.49128,-80.04488,2.5,38.399,6.9,44.299,16.3,5.36,1.61,0.9,0.52,0.71,2.6,1.08,130,3.6,6.5,14,66,313,7.2
3,11,Net L.,17-5909-52183,47.11604,-79.78758,3.3,42.6,7.059,42.7,12.9,5.679,1.32,0.815,0.175,0.47,3.899,2,60,3.72,6.599,26,50,211,7.099
3,11,"Nipissing, L.",17-5770-51258,46.26473,-79.7733,2,51.2,6.929,57.2,17.899,5.82,1.85,2.21,0.61,2.919,2.85,1.52,190,4.259,5.9,48,44,321,16.3
3,11,"Nipissing, L.",17-5770-51258,46.26473,-79.7733,3,35,7.15,69.299,18.3,6.28,1.919,3.45,0.546,4.929,3.87,1.58,86,4.44,5.719,60,120,282.91,11.75
3,11,"Nosbonsing, L.",17-6382-51179,46.20715,-79.21294,1.9,27.699,6.87,51.2,14.8,4.879,1.58,2.299,0.89,2.899,2.95,2.08,170,3.759,4.599,32,1,329,12.1
3,11,Obabika L.,17-5566-52101,47.04318,-80.26229,4.6,15.3,6.799,27.399,6.589,2.98,0.792,0.675,0.225,0.17,4.45,1.24,20,2,3.6,18,46,152,4.599
3,11,Rabbit L.,17-6031-52053,46.9898,-79.6473,3.5,22.5,6.95,71.5,21.399,8.08,2.069,2.5,0.28,2.81,6,1.76,10,4.94,4.599,8,84,207,4.599
3,11,Red Cedar L.,17-5812-51735,46.71781,-79.94034,2.7,54.799,6.82,48.6,13.699,5.459,1.53,1.899,0.43,2.45,2.85,1.56,90,3.16,8,16,64,308,7.9
3,11,Red Squirrel L.,17-5740-52232,47.16035,-80.02394,3,17.5,6.919,33.1,10.3,3.74,0.991,0.618,0.161,0.155,3.52,1.26,30,2.6,3.71,12.5,23.399,200,4.73
3,11,Regan L.,17-5170-52317,47.24027,-80.77368,7.5,7.549,6.559,23.1,4.019,1.919,0.67,0.76,0.24,0.14,4.75,1.6,20,1.56,2.799,22,20,142,3.299
3,11,Restoule L.,17-5950-51006,46.05187,-79.78066,2.5,55.899,6.75,38.5,5.9,2.43,0.653,2.85,0.476,4.23,2.169,2.509,213,0.1,6.83,40,190,374.774,12.699
3,11,Rib L.,17-5972-52300,47.21484,-79.71615,5.1,13.5,6.91,81.5,17.399,6.48,1.83,6.41,0.27,8.9,4.299,1.74,0,4.139,3.399,4,68,153,3.6
3,11,Smoothwater L.,17-5243-52488,47.39379,-80.6852,6,6.87,6.469,19,2.89,1.47,0.515,0.616,0.206,0.165,3.93,1.74,30,0.927,2.6,19.5,47,160,3.895
3,11,Stormy L.,17-5947-51034,46.07978,-79.77476,2,45.2,6.66,34.5,5.11,2.22,0.602,2.819,0.46,3.72,2.45,2.08,140,1.56,6.2,40,84,258,11.6
3,11,"Temagami, L.",17-5700-52061,46.98896,-80.07046,8,6.29,6.79,55.6,13.3,6.48,1.82,1.02,0.31,0.73,8.8,0.82,10,3.379,2.7,2,58,167,5.299
3,11,Thieving Bear L.,17-5889-52256,47.17876,-79.82724,2.6,35.399,7,32.6,10.8,4.2,1.03,0.6,0.14,0.12,3.25,1.919,40,2.839,5.599,24,30,194,6.5
3,11,Tomiko L.,17-5904-51531,46.53029,-79.82432,1.8,63,6.49,28.3,4.929,2.18,0.62,1.86,0.355,2.21,2.549,1.8,210,1.399,8.099,32,84,248,9.8
3,11,Trout L.,17-6290-51301,46.3193,-79.33669,5.5,13.1,6.78,94.599,13.4,5.379,1.56,9.57,1.159,14.199,4.15,1.399,30,3.64,3.1,10,142,187,4.099
3,11,Turtleshell L.,17-5573-51927,46.88701,-80.24756,4,15.699,6.719,24.699,5.37,2.45,0.707,0.563,0.169,0.177,4.099,1.459,30,1.6,3.859,30,110,178.789,5.389
3,11,Upper Bass L.,17-5579-52068,47.01396,-80.23783,3.4,20.6,6.82,22.699,5.66,2.24,0.656,0.6,0.18,0.1,3.35,1.98,40,1.679,4.099,24,30,161,4.7
3,11,Wasaksina L.,17-5842-51980,46.935,-79.89212,3.5,28.6,6.87,46.399,16.8,6.459,1.97,0.715,0.24,0.18,3.5,1.56,30,4.16,5.799,16,36,274,8.199
3,11,Wawiagama L.,17-5476-52058,47.00583,-80.37028,3,28.699,7.04,42.5,13.3,5.16,1.36,0.71,0.235,0.18,4.75,1.54,40,3.56,5.4,30,2,220,9.6
3,11,Wicksteed L.,17-6007-51793,46.76948,-79.67865,2.3,67.299,6.73,30.3,9.5,3.839,1.08,0.565,0.385,0.15,2.35,1.679,100,2.399,9.099,18,64,333,9.5
3,11,Willow Island L.,17-5555-52349,47.27197,-80.26768,2.9,49.5,6.12,17.5,2.069,1.439,0.46,0.565,0.275,0.12,3.649,2.16,80,0.84,6.299,26,16,175,5.5
3,12,Allumette L.,18-3280-50833,45.891,-77.223,1.4,77.9,6.94,37.1,10.6,4.12,1.129,1.75,0.575,1.04,3.6,2.68,310,2.339,8.099,22,156,204,6.4
3,12,Holden L.,17-7120-51253,46.245,-78.004,1.5,68.2,7.009,47.299,17,4.95,1.439,1.81,0.548,1.33,3.5,2.31,257,3.439,7.41,12.5,168,300,13.05
3,12,Lac Coulonge,18-3577-50825,45.8734,-76.814,1.5,73.799,6.98,37.6,9.98,4,1.07,1.889,0.57,1.24,3.6,2.72,240,2.399,7.7,22,144,215,9.099
3,12,Lac des Chats,18-3854-50393,45.5,-76.47222,1.9,68.799,7.11,46,12.1,4.469,1.24,2.029,0.556,1.57,3.66,2.64,256,3.109,6.969,11.4,148,280,13.5
3,12,Lac Deschenes,18-4334-50239,45.36995,-75.85265,1.5,63.799,7.339,64,19.199,6.589,1.679,2.58,0.603,2.669,3.94,2.589,248,4.79,6.629,11.1,150,250,17.5
3,12,Lac du Rocher-Fendu,18-3662-50545,45.63544,-76.68752,1.6,67.799,7.08,47.899,13.5,4.53,1.28,2.2,0.559,1.74,3.85,2.629,240,3.259,6.96,10,157,280,12.65
3,12,Lac la Cave,17-6731-51370,46.49279,-78.92977,1,70.7,7.11,58.399,17.899,6.45,1.75,2.149,0.623,1.35,4.299,2.48,321,4.509,7.5,20,280,423.319,15.699
3,12,Lower Allumette L.,18-3485-50735,45.78736,-76.94457,1.8,67.4,7.049,46.5,12,4.48,1.34,2.27,0.58,1.77,3.72,2.649,237,3.109,6.96,11,158,270,12.55
3,12,"Timiskaming, L.",17-6178-52207,47.32309,-79.50748,0.4,99.799,7.21,73.9,25.1,8.91,2.319,2.089,0.731,1.86,4.059,2.47,565,5.86,8.519,12.699,333,290,21.75
3,15,Ahmic L.,17-6025-50535,45.63437,-79.69545,2,44.799,6.79,39.299,6.889,3.18,0.782,3.04,0.67,3.75,3.5,2.14,170,1.52,5.4,18,82,282,10.199
3,15,Bark L.,18-2782-50364,45.4552,-77.84943,3.1,38.799,6.94,33.7,6.639,2.379,0.788,2,0.415,2.129,3.23,2.72,140,1.69,5.139,10,105,230,7.304
3,15,Bella L.,17-6539-50341,45.44431,-79.03118,4.7,12.1,6.79,27.199,6.24,2.49,0.654,1.189,0.437,1.169,2.819,1.159,49,1.899,2.74,10,77,170,5.014
3,15,Bernard L.,17-6257-50660,45.73885,-79.38526,2.4,19.5,6.74,76.4,9.259,4.179,1.03,9.21,0.915,12.699,3.75,0.82,50,2.12,3.5,12,14,206,7.099
3,15,Black Donald L.,18-3469-50088,45.21682,-76.93969,3.5,38.7,7.599,105,37.899,13.6,2.2,2.919,0.717,3.85,3.81,2.509,104,9.5,5.25,10,43.799,270,9.125
3,15,Blackfox L.,17-6975-50544,45.62212,-78.46358,4.5,29.899,6.23,18.75,4.24,1.5,0.446,0.765,0.325,0.24,2.7,1.8,160,1.639,4.799,32,126,194,6.4
3,15,Bluff L.,17-7086-50512,45.58505,-78.32574,4.5,21.3,6.24,18.5,3.569,1.439,0.49,0.665,0.215,0.21,2.95,1.48,80,2.259,4.599,132,38,295,7.599
3,15,Boshkung L.,17-6789-49924,45.06601,-78.72935,4.5,15.4,7.089,52.299,12.4,4.53,1.25,2.879,0.633,3.71,3.899,1.71,40,3.22,3.31,12,136,150,5.514
3,15,Brewer L.,17-7100-50518,45.59033,-78.30722,3.1,40.399,6.469,125,3.64,2.7,0.706,19.6,0.435,29.699,3.2,2.299,260,1.159,5.2,22,104,218,7.799
3,15,Buck L.,17-6254-50307,45.42025,-79.39479,1.6,100,6.16,17.199,2.459,1.53,0.365,0.838,0.387,0.64,1.77,2.06,460,1.11,8.259,16.6,114,300,10.949
3,15,Calabogie L.,18-3634-50151,45.27732,-76.74264,3.5,33,7.69,112,43.2,15,2.39,2.79,0.726,3.58,3.81,2.77,89,10.5,4.96,10.1,64.7,250,8.009
3,15,Catchacoma L.,17-7116-49585,44.75058,-78.32526,2.4,40.899,6.9,47.2,15.1,6.54,0.826,1.6,0.38,2.04,2.25,1.72,100,3.54,6.099,6,78,260,4
3,15,"Cecebe, L.",17-6111-50550,45.64268,-79.58059,1.7,42.899,6.61,38.1,5.29,2.54,0.634,3.04,0.58,4.299,3.6,2.399,190,1.54,5.2,32,132,211,11.199
3,15,Cecil L.,17-6955-50358,45.45127,-78.47814,6,12.6,6.379,15.6,3.14,1.22,0.338,0.535,0.265,0.2,2.2,0.88,70,1.439,3.2,50,44,199,6.799
3,15,Cedar L.,17-6953-50993,46.0193,-78.46289,3,49.899,6.53,26,6.73,2.64,0.858,0.77,0.445,0.17,2.95,2.359,170,2.04,5.799,12,114,243,8.3
3,15,"Clear, L.",18-3287-50341,45.44131,-77.1955,4,6.099,8.009,257,105,37.1,6.719,8.289,0.925,13.3,5.349,2.12,10,23.899,3.1,46,4,302,8.199
3,15,Coon L.,17-7024-50461,45.54144,-78.40668,7.6,10.3,6.549,18.6,4.629,1.7,0.484,0.695,0.21,0.22,2.35,0.72,30,2.08,2.299,30,26,188,4.5
3,15,Cripple L.,17-6554-50468,45.5596,-79.00745,2.7,32.299,6.089,13,1.53,1.03,0.288,0.561,0.269,0.198,2.089,1.679,162,0.727,4.219,12.8,162,180,8.365
3,15,Doe L.,17-6239-50430,45.53377,-79.41413,1.8,48,6.589,33.6,5.75,2.2,0.554,2.459,0.48,3.52,2.5,2.899,200,1.78,5.299,42,88,214,9.3
3,15,"Dore, L.",18-3351-50535,45.61781,-77.11506,4.1,18.8,7.98,196,75.099,23,5.629,6.19,1.11,9.009,5.21,3.109,30,18.199,5.459,10.6,5,360,10.699
3,15,Dunstan L.,17-6523-50498,45.58689,-79.04685,3.9,18,6.7,19.899,5.059,1.82,0.514,0.798,0.362,0.274,2.23,2.589,194,1.459,2.859,40,220,283.384,7.019
3,15,Eagle L.,17-6973-50011,45.13784,-78.49157,5.5,14.699,7.16,60.6,18,6.19,1.72,2.2,0.653,3.06,4.19,1.639,30,4.459,3.439,11.6,91.9,190,5.41
3,15,Farm B. L.,17-7094-50386,45.47171,-78.32084,4.5,22.1,6.41,19.699,3.74,1.48,0.47,0.69,0.375,0.28,3,0.92,70,1.74,4.7,96,40,311,6.2
3,15,Fosters L.,18-2900-50140,45.24977,-77.67526,2.9,40.5,7.509,128,54.799,20.5,3.049,1.71,1.09,1.86,3.95,4.519,150,12.8,8.9,38,4,407,11
3,15,Found L.,17-6845-50465,45.54978,-78.63556,8,5.86,6.66,200,5.969,4.16,1.11,32.399,0.515,50.399,4,0.4,20,2.12,2.299,26,20,160,3.4
3,15,Golden L.,18-3186-50482,45.57388,-77.33611,2.9,31.199,7.57,93.299,30.399,9.189,2.919,3.359,0.867,4.7,4.29,3.7,67,7.45,5.54,10,36.899,280,8.05
3,15,Goodwin L.,17-6844-50137,45.25505,-78.64918,5.7,11.3,6.44,14,2.47,1.22,0.332,0.454,0.313,0.204,2.149,0.42,50,1.09,2.91,10,41.6,170,4.174
3,15,Grant L.,17-6899-50467,45.55473,-78.56313,3.6,31.5,6.179,17.6,2.379,1.679,0.398,0.61,0.215,0.18,3.2,1.919,50,1.12,5,24,92,199,5.4
3,15,Heron L.,17-6711-50348,45.44755,-78.81168,4.5,16.6,6.629,84.299,8.15,4.839,1.87,7.28,0.545,16.1,3.049,1.84,70,3.319,2.7,20,212,163,5.4
3,15,Jack L.,17-7358-49530,44.69486,-78.03569,4.4,13.199,7.7,143,58.899,23.5,1.6,3.359,0.81,5.04,3.35,1.3,10,13.8,5,8,2,277,5.799
3,15,"Joseph, L.",17-5998-50031,45.17434,-79.7239,4.6,10.199,6.969,66.599,8.269,3.81,0.787,6.519,0.613,9.449,4.36,0.64,30,2.339,2.649,11.199,160,120,3.444
3,15,Kamaniskeg L.,18-2891-50334,45.41755,-77.68981,4,28,6.69,37.2,7,2.919,0.932,2.339,0.55,2.69,3.799,2.419,90,1.76,5,20,84,241,5.099
3,15,Kawagama L.,17-6767-50182,45.29874,-78.75251,8.5,14.1,6.65,20.3,3.91,1.75,0.538,0.754,0.334,0.45,2.71,1.7,51,1.36,3.24,10.3,135,150,3.93
3,15,Kelly L.,18-3191-50636,45.7037,-77.32428,2.5,53.899,7,36.2,13.6,4.059,1.3,1.07,0.595,0.309,1.85,2.759,553,3.29,6.379,30,120,329.269,12.15
3,15,Kimball L.,17-6818-50232,45.34172,-78.67605,6,17.3,6.4,17,2.89,1.439,0.453,0.635,0.286,0.221,2.71,1.82,55,1.01,3.58,30,170,246.905,5.019
3,15,Lake of B.s,17-6567-50131,45.25269,-79.0313,4.7,15.699,6.57,32.7,4.78,2.64,0.884,2.52,0.445,3.029,3.35,1.879,30,1.34,3.299,8,118,180,3.5
3,15,Leaf L.,17-7107-50492,45.55673,-78.2984,2.1,63.6,6.28,18.1,2.75,1.56,0.486,0.92,0.19,0.14,3.049,3.04,140,0.96,7.2,30,56,279,10.699
3,15,Little Minnow L.,17-7071-50581,45.64755,-78.34222,4,31.199,5.929,14.199,1.899,1.08,0.338,0.58,0.19,0.15,2.1,1.36,190,1.7,5.299,70,48,230,8.199
3,15,Marmot L.,17-7025-50619,45.6812,-78.39928,2.5,51.299,6.21,17.699,3.54,1.5,0.584,0.615,0.38,0.2,2.399,1.24,200,1.84,7.099,38,28,335,14.699
3,15,McKenzie L.,17-7331-50275,45.36459,-78.01951,3.4,45.6,6.719,36.7,6.139,2.85,0.79,2.7,0.522,3.21,3.129,2.97,190,1.74,6.059,12.4,108,240,7.459
3,15,Meach L.,17-7249-50200,45.29978,-78.13084,3.2,34.299,6.74,26.1,6.549,2.45,0.609,1.33,0.494,0.612,2.779,2.629,108,1.62,4.78,30,120,292.125,6.565
3,15,Mink L.,18-3401-50475,45.56477,-77.04829,6,13.699,8.21,319,131,37.399,10.5,9.599,1.669,15.199,7.19,3.089,30,31.5,6.37,26.399,61.2,430,6.21
3,15,Mississagua L.,17-7123-49536,44.70569,-78.32072,4.5,27.5,7.179,47.2,14.3,5.9,0.832,1.48,0.358,1.74,2.62,1.53,61,3.779,4.78,10,115,220,4.78
3,15,Muskrat L.,18-3511-50603,45.67461,-76.90849,1.6,33.2,8.3,322,118,36.799,9.369,12.4,2.08,19.6,10.8,3.1,30,28.6,6.15,32.7,40.1,612.7,27.899
3,15,Myra L.,17-7062-50582,45.64838,-78.35417,3.7,31.1,6.04,15.199,2.279,1.179,0.356,0.815,0.195,0.18,2.5,1.28,250,1.62,5.099,102,16,287,12.6
3,15,Norway L.,18-3652-50219,45.33922,-76.71995,7.6,14.699,8.109,223,102,30.1,7.589,1.87,1.22,2.77,4.089,2.1,30,25.1,6.44,14.5,24.199,410,6.889
3,15,Ouse L.,17-6816-50461,45.54671,-78.67362,3.1,46.7,6.36,63.1,4.879,3.08,1,6.049,0.54,11.3,2.649,2.2,180,2.439,5.4,14,106,211,9.199
3,15,Papineau L.,18-2795-50249,45.34505,-77.81443,6,10.1,6.91,64.099,9.669,4.24,1.149,4.919,0.809,7.879,4.919,2.06,30,2.48,3.04,10,36.799,190,3.855
3,15,Peck L.,17-6832-50464,45.54921,-78.65279,4.9,18.1,6.23,15.3,2.7,1.26,0.412,0.595,0.185,0.26,2.2,0.86,200,2.18,3.1,52,66,211,6.299
3,15,Red L.,17-6730-50462,45.55418,-78.79087,1.4,43.2,7.299,80.599,22.899,9,2.2,2.549,0.935,3,7.65,1.58,80,5.32,9.599,54,28,351,17.799
3,15,Red Pine L.,17-6806-50080,45.20439,-78.70184,3.5,13,6.48,20,3.33,1.679,0.406,0.665,0.335,0.56,3.1,1.08,80,1.26,3.299,20,114,140,14.8
3,15,Redstone L.,17-6934-50060,45.18369,-78.53568,4,18.899,6.599,22.1,4.82,1.78,0.468,0.75,0.355,0.53,3.2,1.8,90,1.379,3.5,18,168,130,7
3,15,"Rosseau, L.",17-6112-50030,45.1741,-79.59755,4.6,23.3,6.889,53.799,7.29,3.379,0.796,5.29,0.604,6.91,3.21,1.49,64,2.149,3.819,11.5,199,130,4.41
3,15,Round L.,18-3030-50572,45.64074,-77.52889,3.2,43.399,7.019,53.7,16.899,5.7,1.86,2.049,0.88,1.909,4.049,3.399,170,3.54,6,18,64,278,6.2
3,15,Salmon Trout L.,18-2790-50077,45.19005,-77.81305,3,29.1,7.23,65.5,20.8,8.599,1.419,1.5,0.774,1.76,4.349,1.77,98,5.509,5.459,19.199,68.299,320,14.35
3,15,Sandy L.,17-7046-50398,45.48394,-78.38195,7,12.199,5.86,14.3,1.159,1.04,0.334,0.57,0.135,0.18,3.149,0.76,90,1.32,2.799,36,18,169,6.3
3,15,Skeleton L.,17-6216-50117,45.25123,-79.45331,6,8.109,6.86,52,6.559,3.419,0.693,4.049,0.456,5.78,4.549,0.77,30,1.919,1.98,11.8,334,75,2.444
3,15,"St. Anthony, L.",17-7092-50510,45.58319,-78.31817,4.5,45.2,6.099,15.6,3.23,1.24,0.454,0.635,0.235,0.19,1.8,1.419,340,1.76,5.7,40,96,220,11.4
3,15,Tallan L.,17-7329-49698,44.84589,-78.0525,7.4,19.8,8.019,218,103,40.299,1.649,1.59,1.32,2.74,2.589,2.35,30,24.8,5.25,30,80,242.44,5.544
3,15,Twelve Mile L.,17-6807-49881,45.02509,-78.7047,5,17.699,7.12,57.2,11.9,4.769,1.21,3.419,0.626,4.769,3.91,1.659,51,3.27,3.259,16.1,115,180,5.525
3,15,Waterloo L.,17-7166-51172,46.17561,-78.19388,3,42.5,7.2,56.5,29.699,1.49,0.649,0.733,0.319,0.227,1.85,2.16,111,1.2,5.95,13.8,6.099,280,4.429
3,15,Whitestone L.,17-5881-50553,45.64746,-79.86463,1.9,45.399,7.03,59.799,12,5.15,0.892,4.74,0.559,7.099,1.58,2.04,171,3.35,6.19,17.699,124,300,9.605
3,16,Cameron L.,17-4561-50068,45.217,-81.55793,3.6,22.199,8.189,306,162,37.1,19.1,0.765,0.17,1.73,2.899,1,20,38,6.7,32,34,335,4
3,16,Chesley L.,17-4822-49331,44.55287,-81.22414,5,8.49,8.15,263,126,34.1,10.6,4.11,1.449,7.54,3.149,0.6,10,29.699,3.5,32,98,315,10.9
3,16,"Couchiching, L.",17-6286-49481,44.66428,-79.3763,6.7,4.929,8.169,404,110,42.2,7.679,29.199,2.33,49.7,16.1,1.28,0,25.199,3.899,28,4,380,7.599
3,16,Cyprus L.,17-4583-50085,45.23131,-81.53198,4.1,18.199,8.23,302,159,37.1,18.399,0.73,0.195,2.18,3,1.02,10,37.399,6.299,82,40,383,4
3,16,Fanshawe L.,17-4857-47670,43.05847,-81.17886,0.8,60.899,8.24,644,235,86,16.6,21,2.459,41.6,14.3,2.049,234,56.1,3.649,30.699,6650,25,41.95
3,16,Farlain L.,17-5814-49627,44.81714,-79.97121,4.1,6.66,8.08,182,84.099,27.8,5.2,2.2,0.78,3.72,2.899,0.01,10,19.699,3.5,20,46,321,7.099
3,16,Gloucester Pl.,17-6026-49666,44.84489,-79.70973,4.1,24.1,7.679,232,63.7,24.3,4.519,15.199,1.27,25.199,9,1.28,90,15,5.099,26,34,356,10.3
3,16,Little L.,17-6016-49633,44.81843,-79.7132,2.6,42.399,7.509,143,38.6,15.1,2.77,9.089,0.87,14.4,5.9,1.659,150,9.039,5.4,40,82,280,4.599
3,16,Little L.,17-6058-49199,44.42642,-79.67346,1.4,36.799,8.339,648,172,60.2,9.279,50.299,1.679,92.599,9.47,0.05,46,40.5,5.389,21.8,328,510,20.5
3,16,"Simcoe, L.",17-6327-49193,44.4236,-79.37123,11.6,4.16,8.08,426,115,42,8.06,31.899,2.41,52.5,17.5,2.2,0,26.699,3.7,22,74,340,7.7
3,16,"Simcoe, L.",17-6327-49193,44.4236,-79.37123,10,5.78,8.06,455,116,44.5,7.86,32.1,2.39,59,16.699,1.58,30,27.899,4.16,50,150,392.444,7.259
3,16,Sparrow L.,17-6275-49634,44.81851,-79.39612,2.7,18.8,7.799,311,86.599,33.5,6.54,21.399,1.81,34.5,11.6,1,100,19.6,5,26,12,407,13.699
3,16,Tea L.,17-6065-49697,44.87588,-79.64948,1.8,85.5,7.28,76.099,18.6,7.21,1.55,4.889,0.561,7.16,3.049,1.47,203,4.4,8.339,21,48.2,360,11.699
3,17,Balsam L.,17-6712-49387,44.58044,-78.84168,4.4,15,7.589,141,54.799,20.899,2.25,4.11,0.715,6.429,4.299,1.56,20,12.699,3.5,16,20,235,5.7
3,17,Belmont L.,18-2756-49309,44.49514,-77.82654,3.6,29.899,7.53,137,54.2,22,2.279,4.33,1.129,5.82,4.15,1.2,40,12.3,5.799,32,8,315,7
3,17,Big Bald L.,17-7074-49389,44.57664,-78.3863,6.7,17.899,7.82,290,101,42.2,3.31,11.9,0.8,21.8,11.4,0.48,20,23.8,4.5,22,2,284,8.199
3,17,Buckhorn L.,17-7074-49293,44.4856,-78.39118,3,22.399,8.169,233,92.4,36.1,3.81,7.95,1.11,12.6,5.15,2.299,20,19.5,5.2,58,26,426,22.899
3,17,Cameron L.,17-6778-49354,44.55177,-78.76076,2.6,27.399,7.599,120,43.5,16.699,1.85,4.16,0.71,6.889,4.15,1.72,80,10.4,4.2,24,82,210,8.199
3,17,Canal L.,17-6548-49368,44.56744,-79.04366,2.4,21.699,8.039,273,129,48.899,3.069,4.169,0.66,6.639,4.15,0.88,40,30.5,4.7,36,2,352,13.4
3,17,Chemong L.,17-7076-49181,44.38846,-78.39205,2.4,16.3,8.259,339,119,47.2,6.2,16.399,1.75,27.699,8.8,0.36,20,26.5,5.2,16,2,529,16.8
3,17,Cordova L.,18-2756-49393,44.57529,-77.82487,2.4,37.6,7.57,106,37.5,15.699,1.62,3.41,0.85,5.16,3.95,1.639,80,9.199,5.4,26,26,255,8.8
3,17,Dalrymple L.,17-6500-49453,44.64052,-79.11093,2.2,31.1,7.99,290,129,48.5,4.759,5.559,1.01,9.529,8.3,1.32,30,30.199,6.599,54,62,466,14.5
3,17,Emily L.,17-6930-49241,44.44638,-78.57542,2.9,51.1,7.849,289,130,52.399,3.04,5.25,1.75,9.96,3.299,0.92,30,30.3,8.4,54,186,396,30.4
3,17,Four Mile L.,17-6793-49499,44.68172,-78.73724,4,16,8.029,203,91.099,32.6,4.559,2.64,0.363,3.31,3.899,1.55,30,22.399,4.49,10,5,260,6.235
3,17,Head L.,17-6651-49559,44.74018,-78.91265,4.7,17.6,7.9,175,81.5,28.6,4.349,2.089,0.475,3.21,2.35,1.28,80,19.3,3.7,30,66,209,8.4
3,17,Katchewanooka L.,17-7182-49263,44.45749,-78.2587,4.3,20.899,7.75,233,90,34.899,3.189,8.08,1.04,13.3,5.5,1.439,20,21.6,5,44,230,313,9.4
3,17,Little Bald L.,17-7050-49386,44.57455,-78.41518,2,52.1,7.629,149,55,22.3,2.21,5.179,0.85,8.519,4.2,1.2,140,13.3,6.7,36,4,302,12.1
3,17,Lovesick L.,17-7197-49373,44.55817,-78.23036,6.9,23.199,8.039,250,91.7,36.7,3.49,8.939,1.12,14.9,5.79,1.09,36,22.199,5.21,19.399,225,340,9.085
3,17,Lower Buckhorn L.,17-7170-49371,44.5498,-78.27953,3.2,28.8,7.839,204,77,32,2.779,7.089,1.07,12.199,5.099,1.52,60,18.1,5.4,36,270,192,9.3
3,17,Mitchell L.,17-6627-49374,44.57378,-78.9503,2.8,27,7.86,194,79.9,31.5,2.21,5.429,0.985,8.9,2.85,0.6,20,18.8,4.799,42,6,291,22.199
3,17,Pigeon L.,17-6992-49270,44.47155,-78.49495,4.2,25.199,7.78,208,83.4,31.5,3.14,6.419,1.04,10.8,4.95,1.439,50,19.3,5.099,28,208,281,8.4
3,17,Rice L.,17-7257-48946,44.17348,-78.18609,2.5,24.8,7.94,234,88.099,37.399,3.259,9.05,1.21,15.6,5.849,1.32,40,20.5,5,30,208,216,9.699
3,17,Round L.,18-2714-49305,44.49475,-77.87492,2.6,27.699,7.83,183,77.5,32.2,2.549,5.4,0.83,7.61,2.899,1.32,120,18.3,4.7,32,20,238,8.699
3,17,Rylstone L.,18-2850-49215,44.42303,-77.70175,2.3,36.2,7.719,142,58.6,23.699,2.22,3.339,0.915,4.99,3.6,1.62,100,14.1,5.4,24,46,237,9
3,17,Sandy L.,17-7061-49353,44.54516,-78.40526,4.5,8.789,8.05,290,122,50.899,3.14,8.849,0.605,14.699,6.15,1.72,0,28.8,4.099,88,52,374,5.8
3,17,"Scugog, L.",17-6715-48930,44.18343,-78.85724,1.7,27.6,8.259,448,148,56.399,8.41,22.199,2.259,41.399,11.3,0.1,30,35.899,7.79,15.3,238,690,11.9
3,17,Shadow L.,17-6749-49534,44.71937,-78.79364,3.6,22,7.4,89.599,24.199,8.64,1.87,4.7,0.645,7.11,4.41,1.72,61,6.03,4.03,10,99.2,210,6.254
3,17,Silver L.,17-6744-49500,44.68489,-78.79907,4,19.899,7.339,85.2,23.5,9.419,1.83,4.32,0.725,6.769,4.599,1.76,60,5.86,3.399,14,114,151,7.299
3,17,Stony L.,17-7310-49388,44.55642,-78.11352,5,24.1,7.639,166,67.299,26,1.909,4.929,0.84,7.44,2.95,1.5,60,15.9,5.299,12,16,261,5.299
3,17,Sturgeon L.,17-6820-49260,44.47421,-78.68865,3,29.6,7.969,219,78.2,31.3,3.089,8.32,0.999,13.5,5.2,1.76,65,19,5.15,16.399,210,310,10.6
3,17,"Tri L.s (Buckhorn L., Pigeon L., Chemong L.)",17-7055-49277,44.47321,-78.41617,4.2,25.199,7.78,208,83.4,31.5,3.14,6.419,1.04,10.8,4.95,1.439,50,19.3,5.099,28,208,281,8.4
3,17,Young L.,17-6459-49524,44.71255,-79.15754,2.6,19.1,8.14,285,102,32.2,6.769,12.8,0.803,20.3,6.16,1.47,30,24.399,4.54,13.5,30.5,360,10.205
3,18,Ashby L.,18-3150-49957,45.09255,-77.35108,4.2,19.3,7,35.899,10.8,4.15,0.865,0.838,0.341,0.485,3.169,1.23,30,2.859,4.29,10,23.5,220,4.559
3,18,Big Rideau L.,18-4040-49580,44.75128,-76.21379,12.1,9.029,7.98,210,82.599,24.1,6.929,5.79,1.139,9.609,5.919,1.55,30,20.3,3.609,12.199,35.1,300,8.009
3,18,Big Salmon L.,18-3807-49325,44.53996,-76.49762,4,8.519,7.339,73.299,23.8,8.06,2.669,1.02,0.523,0.487,7.95,0.35,30,6.15,2.379,10,5,210,8.08
3,18,Birch L.,18-3782-49339,44.54788,-76.54165,4.6,14.199,7.86,161,66.799,21,5.41,3.18,0.772,3.629,5.73,1.8,30,16.6,3.74,12.3,18.3,280,8.835
3,18,Bobs L.,18-3741-49489,44.68123,-76.58765,5,8.789,8.029,196,87.799,31.1,6.139,2.87,1.11,3.81,5.299,1.76,0,19.399,3.7,6,1,282,6.599
3,18,Buckshot L.,18-3369-49845,44.99564,-77.06938,3.8,29.8,7.23,64.299,24.199,9.279,1.409,1.55,0.625,1.74,3.1,2.16,60,5.7,5.2,22,72,228,14.1
3,18,Burridge L.,18-3767-49466,44.66433,-76.55461,4.5,23.699,8.07,236,103,35.299,6.98,2.64,1.159,3.93,7.57,2.569,30,25.5,5.82,14.8,5,400,10.15
3,18,Canoe L.,18-3773-49386,44.59171,-76.54556,4,7.15,7.969,177,77.7,24.199,5.82,1.439,0.776,1.47,6.879,2.54,30,19.199,2.41,11.4,18,220,8.244
3,18,Charleston L.,18-4196-49317,44.5346,-76.01579,3.5,14.4,7.969,221,94.299,25.6,9.05,4.87,1.129,7.71,6.15,1.82,10,21.699,4.5,40,74,294,5.699
3,18,Christie L.,18-3862-49620,44.80311,-76.43918,5,15.3,7.809,147,59.7,18.5,4.419,3.569,0.836,4.75,3.759,1.96,30,14.699,4.629,12.1,5.7,300,7.415
3,18,Crow L.,18-3719-49514,44.70844,-76.61666,5,13.699,7.839,145,59,17.6,5.089,2.899,0.803,3.99,3.589,2.529,34,14.699,3.97,10.8,11.8,260,9.349
3,18,Crystal L.,18-3065-49990,45.12017,-77.4598,5.5,23.8,6.679,19.8,4.929,2.009,0.531,0.644,0.229,0.276,2.419,1.08,37,1.439,4.639,30,100,229.9,6.504
3,18,Dalhousie L.,18-3762-49801,44.9656,-76.56939,3.9,29.1,7.769,135,56.899,18.6,3.35,2.54,0.768,3.609,3.06,1.51,38,13.699,4.919,14.3,15.9,290,9.285
3,18,Desert L.,18-3738-49330,44.54281,-76.58892,5,12,7.95,174,73.5,22.8,5.919,3.129,0.79,3.649,5.75,1.83,30,18.199,3.56,10.4,6.5,260,8.07
3,18,Dickey L.,18-2831-49628,44.78755,-77.74166,3.1,26.1,7.79,140,62,23.8,1.95,1.48,1.25,1.74,2.47,2,50,15,5.349,14.3,99.9,250,6.21
3,18,Eagle L.,18-3651-49486,44.68298,-76.69865,4.5,9.71,7.509,127,47.299,7.98,3.27,3.72,0.21,6.87,3.75,1.28,0,10.199,4,8,1,295,6.2
3,18,Govan L.,18-3587-49991,45.13314,-76.79515,5.3,17.6,7.379,125,58.5,20.8,2.919,0.7,0.695,0.31,3.25,1.919,20,13.699,5.2,38,12,386,15.6
3,18,Howes L.,18-3665-49300,44.50864,-76.67736,3.1,31.1,8.009,215,87.2,26.3,6.19,7.169,1.26,9.539,6.059,1.679,45,20.199,5.19,10,5,360,12.3
3,18,Joeperry L.,18-3188-49757,44.91235,-77.29552,3.3,25.1,7.059,26.3,9.39,3.31,0.626,0.613,0.356,0.273,1.8,1.139,50,2.12,5.4,30,80,274.36,6.5
3,18,Kashwakamak L.,18-3389-49691,44.8566,-77.0385,3,19.699,7.45,108,41.7,14.699,2.589,3.73,0.78,4.719,3.85,1.84,10,9.06,4.299,8,8,253,4.799
3,18,Kennebec L.,18-3444-49557,44.74021,-76.96521,2.6,65.4,7.23,50.6,18.1,5.71,1.47,1.879,0.436,2.089,1.56,0.99,117,4.309,7.74,22.899,23,360,9.404
3,18,Kishkebus L.,18-3289-49744,44.90449,-77.16746,3.2,41.6,7.16,56.299,28.699,7.83,1.48,0.76,0.589,0.266,2.2,2.21,105,5.549,6.78,12.9,6.799,340,6.075
3,18,Knowlton L.,18-3717-49235,44.45621,-76.61278,6,7.79,8.13,274,118,33.6,9.81,5.169,0.801,8.279,6.9,1.62,30,28.899,3.259,10.9,57.6,270,5.915
3,18,Leggat L.,18-3640-49528,44.71318,-76.72398,3.7,11.199,7.4,61.2,24.3,9.06,1.61,0.96,0.45,0.9,2.95,0.56,30,5.66,3.299,36,6,285,14.6
3,18,Little Clear L.,18-3804-49340,44.55147,-76.50471,2.1,18.699,7.58,80.799,34.6,8.8,3,1.03,0.621,0.439,3.589,0.39,30,8.259,2.83,10,5,290,16.6
3,18,Mazinaw L.,18-3267-49749,44.91805,-77.19745,4,21,6.99,73.7,20.5,8,1.57,3.58,0.67,5.169,4.099,2.2,70,4.5,4.299,10,122,228,5.4
3,18,Mississippi L.,18-4082-49908,45.06538,-76.1853,2.5,35,7.929,198,85.299,27,5.679,3.609,0.981,5.23,3.79,1.169,39,20.699,5.87,10.199,15.199,330,9.019
3,18,Moira L.,18-3050-49285,44.4871,-77.45373,3.4,29.6,8.099,282,121,44.5,5,6.19,1.08,9.58,5.45,1.71,36,29.6,5.089,17.8,86,290,8.859
3,18,Otter L.,18-3117-49924,45.06205,-77.39108,3.3,31.6,7.059,34.5,10.8,4.009,0.873,0.859,0.316,0.375,2.759,1.79,60,2.75,5.339,12.199,28.899,250,5.964
3,18,Palmerston L.,18-3549-49862,45.01754,-76.84758,6.1,10.3,7.929,168,73.9,25.5,3.87,1.409,0.996,1.78,5.03,1.77,30,18.3,3.319,10,27.899,220,7.33
3,18,Sharbot L.,18-3668-49582,44.76738,-76.69336,5,20.199,7.95,212,81.799,26.699,5.62,7.049,1.1,9.99,5.269,1.87,30,20.3,5.11,13.1,34.6,300,8.625
3,18,Shawenegog L.,18-3380-49750,44.91015,-77.05502,3.3,45.7,7.74,115,51.5,18.699,2.049,0.775,0.706,0.746,2.87,2.109,48,12.4,6.629,11.8,5,330,8.25
3,18,Sheffield Long L.,18-3404-49395,44.59529,-77.00966,2.2,44,7.61,110,41.7,13.4,3.41,3.47,0.639,4.559,2.149,1.659,112,10.6,6.15,13.199,16.3,340,8.894
3,18,Skootamatta L.,18-3220-49677,44.8375,-77.24743,2.1,41.7,7.179,36.7,11.199,4.45,0.849,0.85,0.643,0.59,3.189,1.51,104,2.81,6.2,22.1,46.799,300,9.32
3,18,St. Andrew L.s,18-3677-49397,44.60604,-76.6697,4.9,30.3,7.58,100,38.1,12.1,3.47,2.37,0.91,2.71,3.299,1.899,128,9.529,5.929,17.699,93.7,370,10.8
3,18,Sunday L.,18-3604-49878,45.03199,-76.77162,3.5,28.1,8.08,211,89.9,29.6,4.98,4.24,0.984,7.2,3.7,2.069,30,22.1,5.309,13.199,5,340,8.115
3,18,Twin Sister L.s,18-2817-49421,44.59389,-77.75244,5.4,19.699,7.839,136,60.2,22,2.299,1.59,0.796,1.95,2.64,1.389,31,14,5.389,30,70,290.795,6.879
3,18,Weslemkoon L.,18-3085-49890,45.02704,-77.4237,3.5,29.399,6.849,30.5,8.919,3.98,0.8,0.805,0.465,0.37,2.549,1.8,70,2.54,5.2,40,104,236,9.699
3,18,White L.,18-3808-50183,45.29792,-76.51851,4,16.3,8.029,228,112,34.899,8.64,2.379,0.975,3.02,3.5,2.299,10,25.699,5.099,36,4,378,10.199